## RNAfold parameter file v2.0

# stack
   -170   -210      0      0    -90    -90      0
   -290   -270      0      0   -110   -130      0
      0      0      0      0      0      0      0
      0      0      0      0      0      0      0
   -180   -210      0      0    -90   -100      0
   -160   -150      0      0    -20    -60      0
      0      0      0      0      0      0      0

# stack_enthalpies
  -1630   -930      0      0   -700   -900      0
  -1280   -800      0      0   -780   -550      0
      0      0      0      0      0      0      0
      0      0      0      0      0      0      0
   -910   -590      0      0   -830   -780      0
  -1040   -860      0      0  -1150   -780      0
      0      0      0      0      0      0      0

# mismatch_hairpin
    -40    -50    -55    -50    -40
    -70   -125   -115   -115    -75
    -40    -90    -80    -50    -75
    -75   -165    -75   -165   -125
    -50    -50   -100    -95   -150
    -25    -55    -35    -55    -25
    -55   -105   -110   -105    -75
    -25   -105    -65    -55    -60
    -75   -175    -75   -160   -115
    -50    -55    -80   -100   -125
      0      0    -20    -30    -20
      0    -15    -35    -40    -55
    -15    -15    -20    -50    -20
    -50    -75    -70    -80    -50
    -15    -30    -25    -30    -60
    -10    -20    -15    -35    -10
    -25    -50    -25    -55    -40
    -10    -20    -15    -50    -10
    -40    -70    -65    -80    -40
    -15    -35    -15    -35    -55
     -5     -5    -10     -5    -10
    -15    -50    -40    -40    -25
     -5    -35    -20     -5    -25
    -25    -90    -25    -75    -50
     -5     -5    -30    -30    -80
      0    -10     -5    -10      0
    -15    -55    -35    -50    -15
      0    -35    -15    -10    -25
    -15   -105    -15    -95    -40
     -5    -10    -20    -40    -60
     10     10     -5     -5      0
     10    -15    -25    -40    -15
      0    -15    -15     -5    -10
    -15    -70    -15    -75    -40
     -5     -5    -15    -30    -55

# mismatch_hairpin_enthalpies
     70   -515     70   -515   -385
   -490   -685   -490   -515   -530
   -345   -515   -380   -520   -385
     70   -930     70   -695   -530
   -475   -515   -475   -520   -970
    -20   -570   -140   -535   -245
   -245   -570   -365   -535   -245
    -20   -670   -140   -615   -255
   -245   -955   -365   -565   -245
    -60   -670   -180   -615   -585
    600    -80    480    -25    400
    400   -135    280    -85    400
    600    -80    480    -25    285
    400   -285    280    -85    400
    530    -80    410    -25     90
    230    165    200    145   -195
     60     60    -45   -225   -420
    210     85     15      5   -195
    225    165    -45    145   -420
    230     85    200      5   -325
    745    270    745    305    500
    545    190    545    245    500
    745    270    745    305    385
    545    -60    545    245    500
    675    270    675    305     25
    230    100    200      5   -195
    100    100    -45   -225   -420
    210     85     15      5   -195
    -15   -180    -45   -225   -420
    230     85    200      5   -325
    745    270    745    345    500
    545    215    545    245    500
    745    270    745    305    385
    545    250    545    345    500
    675    270    675    305    190

# mismatch_internal
      0      0      0      0      0
      0    -50    -40    -85      0
      0    -40    -25      0    -35
      0   -100      0    -95    -50
      0      0    -30    -45    -75
      0      0      0      0      0
      0    -50    -35    -80      0
      0    -50    -30      0    -35
      0   -100      0   -100    -40
      0      0    -30    -45    -75
     25     25     25     10     25
     25     10     25    -30      5
     25     25     25    -10     25
     10    -40    -10    -40     10
     25     10     25     10     -5
     25     25     25     10     25
     25     10     25    -30     10
     25     25     25     -5     25
     10    -40    -15    -40     10
     25     10     25     10     -5
     35     35     35     35     35
     35      0     20    -30     35
     35      5     25     35     20
     35    -45     35    -35     10
     35     35     20     10    -15
     35     35     35     35     35
     35      5     15    -30     35
     35     10     25     35     10
     35    -45     35    -35     10
     35     35     20      5    -10
     35     35     35     35     35
     35     10     25    -30     35
     35     25     25     35     25
     35    -40     35    -35     10
     35     35     25     10     -5

# mismatch_internal_enthalpies
    -70   -230   -210    -95   -250
   -210   -230   -210   -405   -250
   -210   -230   -210   -235   -250
    -70   -610   -210    -95   -250
   -210   -230   -210   -235   -540
     95   -310   -165   -115    -45
    -45   -310   -165   -425    -45
    -45   -310   -165   -255    -45
     95   -690   -165   -115    -45
    -45   -310   -165   -255   -335
    510    100    245    300    365
    365    100    245    -10    365
    365    100    245    155    365
    510   -280    245    300    365
    365    100    245    155     75
    510    365    335    430    -40
    365    365    335    120    -40
    365    365    335    285    -40
    510    -15    335    430    -40
    365    365    335    285   -330
    655    450    510    630    465
    510    450    510    320    465
    510    450    510    485    465
    655     70    510    630    465
    510    450    510    485    175
    510    365    335    430    -40
    365    365    335    120    -40
    365    365    335    285    -40
    510    -15    335    430    -40
    365    365    335    285   -330
    655    450    510    630    465
    510    450    510    320    465
    510    450    510    485    465
    655     70    510    630    465
    510    450    510    485    175

# mismatch_internal_1n
      0      0      0      0      0
      0      0      0      0      0
      0      0      0      0      0
      0      0      0      0      0
      0      0      0      0      0
      0      0      0      0      0
      0      0      0      0      0
      0      0      0      0      0
      0      0      0      0      0
      0      0      0      0      0
     35     35     35     35     35
     35     35     35     35     35
     35     35     35     35     35
     35     35     35     35     35
     35     35     35     35     35
     35     35     35     35     35
     35     35     35     35     35
     35     35     35     35     35
     35     35     35     35     35
     35     35     35     35     35
     35     35     35     35     35
     35     35     35     35     35
     35     35     35     35     35
     35     35     35     35     35
     35     35     35     35     35
     35     35     35     35     35
     35     35     35     35     35
     35     35     35     35     35
     35     35     35     35     35
     35     35     35     35     35
     35     35     35     35     35
     35     35     35     35     35
     35     35     35     35     35
     35     35     35     35     35
     35     35     35     35     35

# mismatch_internal_1n_enthalpies
      0      0      0      0      0
      0      0      0      0      0
      0      0      0      0      0
      0      0      0      0      0
      0      0      0      0      0
      0      0      0      0      0
      0      0      0      0      0
      0      0      0      0      0
      0      0      0      0      0
      0      0      0      0      0
    410    410    410    410    410
    410    410    410    410    410
    410    410    410    410    410
    410    410    410    410    410
    410    410    410    410    410
    410    410    410    410    410
    410    410    410    410    410
    410    410    410    410    410
    410    410    410    410    410
    410    410    410    410    410
    410    410    410    410    410
    410    410    410    410    410
    410    410    410    410    410
    410    410    410    410    410
    410    410    410    410    410
    410    410    410    410    410
    410    410    410    410    410
    410    410    410    410    410
    410    410    410    410    410
    410    410    410    410    410
    410    410    410    410    410
    410    410    410    410    410
    410    410    410    410    410
    410    410    410    410    410
    410    410    410    410    410

# mismatch_internal_23
      0      0      0      0      0
      0    -50    -40    -70      0
      0    -40    -25      0    -35
      0   -105      0    -80    -50
      0      0    -30    -45    -60
      0      0      0      0      0
      0    -50    -35    -40      0
      0    -50    -30      0    -35
      0   -110      0    -85    -40
      0      0    -30    -45    -60
     25     25     25     10     25
     25     10     25     10      5
     25     25     25    -10     25
     10    -45    -10    -25     10
     25     10     25     10     10
     25     25     25     10     25
     25     10     25    -15     10
     25     25     25     -5     25
     10    -45    -15    -25     10
     25     10     25     10     10
     35     35     35     35     35
     35      0     20     10     35
     35      5     25     35     20
     35    -50     35    -20     10
     35     35     20     10      0
     35     35     35     35     35
     35      5     15    -15     35
     35     10     25     35     10
     35    -50     35    -20     10
     35     35     20      5      5
     35     35     35     35     35
     35     10     25     10     35
     35     25     25     35     25
     35    -45     35    -20     10
     35     35     25     10     10

# mismatch_internal_23_enthalpies
   -210   -230   -210   -235   -250
   -210   -230   -210   -520   -250
   -210   -230   -210   -235   -250
   -210   -660   -210   -685   -250
   -210   -230   -210   -235   -570
    -45   -310   -165   -255    -45
    -45   -310   -165   -255    -45
    -45   -310   -165   -255    -45
    -45   -855   -165   -705    -45
    -45   -310   -165   -255   -365
    365    100    245    155    365
    365    100    245    155    365
    365    100    245    155    365
    365   -440    245   -295    365
    365    100    245    155     45
    365    365    335    285    -40
    365    365    335      5    -40
    365    365    335    285    -40
    365    -65    335   -165    -40
    365    365    335    285   -360
    510    450    510    485    465
    510    450    510    485    465
    510    450    510    485    465
    510    -90    510     35    465
    510    450    510    485    145
    365    365    335    285    -40
    365    365    335      5    -40
    365    365    335    285    -40
    365    -65    335   -165    -40
    365    365    335    285   -360
    510    450    510    485    465
    510    450    510    485    465
    510    450    510    485    465
    510     20    510     35    465
    510    450    510    485    145

# mismatch_multi
    -25    -55    -25    -70    -35
    -55   -105   -105   -130    -55
    -35   -110    -65    -75    -80
    -55   -105    -55   -120   -100
    -25    -75    -60   -115    -80
    -40    -70    -40    -70    -50
    -50   -125    -90   -120    -50
    -55   -115    -80    -75   -100
    -50   -115    -50   -125    -95
    -40    -75    -75   -125   -105
    -35    -50    -35    -50    -35
    -35    -75    -45    -50    -60
    -40    -50    -40    -90    -40
    -60    -80    -75    -65    -60
    -35    -65    -35    -65    -35
    -25    -25    -40    -55    -40
    -25    -40    -40    -55    -55
    -45    -60    -45    -95    -50
    -55    -65    -75    -65    -55
    -40    -80    -45    -75    -40
    -25    -40    -25    -40    -25
    -35    -80    -60    -85    -35
    -30    -60    -40    -40    -45
    -35    -80    -35    -80    -65
    -25    -40    -50    -65    -40
    -30    -40    -30    -40    -30
    -30    -75    -60    -70    -30
    -35    -65    -45    -50    -55
    -30    -65    -30    -60    -55
    -35    -50    -50    -75    -60
    -15    -15    -25    -25    -25
    -15    -40    -40    -50    -30
    -30    -50    -40    -40    -40
    -30    -65    -30    -60    -55
    -25    -40    -35    -65    -35

# mismatch_multi_enthalpies
    -20   -245    -20   -245    -60
   -570   -570   -670   -665   -670
   -140   -365   -140   -365   -180
   -535   -535   -615   -565   -615
   -245   -245   -255   -245   -295
   -345   -490   -345   -490   -475
   -515   -685   -515   -640   -515
   -380   -490   -380   -490   -475
   -515   -515   -520   -695   -520
   -385   -530   -385   -530   -680
    270   -125     25    270    185
    270   -125   -100    270   -100
     15   -230   -170   -230     15
    -40   -410   -180    -40   -180
   -220   -605   -380   -605   -220
    415    215    415    215    345
   -180   -320   -265   -180   -265
    295     95    295     95    225
   -210   -270   -210   -270   -210
    215    215    100    215    195
    185    -85     25    -75    185
    -75    -85   -100    -75   -100
     15   -230   -170   -230     15
   -180   -410   -180   -410   -180
   -220   -605   -380   -605   -220
    560    360    560    360    490
     85      5     85     45     85
    560    360    560    360    490
    120     60    120     60    120
    315    315    200    315    130
    560    360    560    415    490
    355     30     85    355     85
    560    360    560    360    490
    160     60    120    160    120
    315    315    200    315    295

# mismatch_exterior
    -25    -55    -25    -70    -35
    -55   -105   -105   -130    -55
    -35   -110    -65    -75    -80
    -55   -105    -55   -120   -100
    -25    -75    -60   -115    -80
    -40    -70    -40    -70    -50
    -50   -125    -90   -120    -50
    -55   -115    -80    -75   -100
    -50   -115    -50   -125    -95
    -40    -75    -75   -125   -105
    -35    -50    -35    -50    -35
    -35    -75    -45    -50    -60
    -40    -50    -40    -90    -40
    -60    -80    -75    -65    -60
    -35    -65    -35    -65    -35
    -25    -25    -40    -55    -40
    -25    -40    -40    -55    -55
    -45    -60    -45    -95    -50
    -55    -65    -75    -65    -55
    -40    -80    -45    -75    -40
    -25    -40    -25    -40    -25
    -35    -80    -60    -85    -35
    -30    -60    -40    -40    -45
    -35    -80    -35    -80    -65
    -25    -40    -50    -65    -40
    -30    -40    -30    -40    -30
    -30    -75    -60    -70    -30
    -35    -65    -45    -50    -55
    -30    -65    -30    -60    -55
    -35    -50    -50    -75    -60
    -15    -15    -25    -25    -25
    -15    -40    -40    -50    -30
    -30    -50    -40    -40    -40
    -30    -65    -30    -60    -55
    -25    -40    -35    -65    -35

# mismatch_exterior_enthalpies
    -20   -245    -20   -245    -60
   -570   -570   -670   -665   -670
   -140   -365   -140   -365   -180
   -535   -535   -615   -565   -615
   -245   -245   -255   -245   -295
   -345   -490   -345   -490   -475
   -515   -685   -515   -640   -515
   -380   -490   -380   -490   -475
   -515   -515   -520   -695   -520
   -385   -530   -385   -530   -680
    125   -270   -120    125     40
    110   -285   -260    110   -260
   -100   -345   -285   -345   -100
   -200   -570   -340   -200   -340
   -380   -765   -540   -765   -380
    255     55    255     55    185
   -340   -480   -425   -340   -425
    135    -65    135    -65     65
   -370   -430   -370   -430   -370
     55     55    -60     55     35
     40   -230   -120   -220     40
   -235   -245   -260   -235   -260
   -100   -345   -285   -345   -100
   -340   -570   -340   -570   -340
   -380   -765   -540   -765   -380
    400    200    400    200    330
    -75   -155    -75   -115    -75
    400    200    400    200    330
    -40   -100    -40   -100    -40
    155    155     40    155    -30
    400    200    400    255    330
    195   -130    -75    195    -75
    400    200    400    200    330
      0   -100    -40      0    -40
    155    155     40    155    135

# dangle5
    -10    -50    -30    -20    -10
      0    -20    -30      0      0
    -20    -30    -30    -40    -20
    -10    -30    -10    -20    -20
    -20    -30    -30    -40    -20
    -10    -30    -10    -20    -20
      0    -20    -10      0      0

# dangle5_enthalpies
    330   -240    330     80   -140
     70   -160     70   -460    -40
    310    160    220     70    310
    690    -50    690     60     60
    310    160    220     70    310
    690    -50    690     60     60
    690    160    690     80    310

# dangle3
    -20    -40    -20    -40    -30
    -40   -110    -40   -110    -80
    -20    -20    -20    -20    -20
    -20    -20    -20    -20    -20
    -20    -20    -20    -20    -20
    -20    -20    -20    -20    -20
    -20    -20    -20    -20    -20

# dangle3_enthalpies
    -20   -190    -20   -400   -550
   -250   -800   -250   -310   -390
   -250   -800   -250   -310   -390
    -20   -190    -20   -400   -550
    200   -530    200   -480     90
    630    430    630    250    260
    630    430    630    250    260

# int11
    145    120    100    125    125
    120     90    100     30     75
    100    100     95     75     75
    125     30     75    -85    125
    125     75     75    125     10
    145    125    100    125    130
    105     75     40      0     75
    110     95    100     75    110
    125    -10     75   -175    125
    125     75     50    125     10
    190    190    185    160    190
    170    110    135     85    110
    190    190    185    110    190
    160     35    110    -85    160
    160    110    150    160    120
    235    235    210    160    160
    235    205    190    115    110
    210    185    205    110    160
    160    115    110    -35    160
    160    110    160    160     95
    160    145    160    160    160
    135    110    135     65    110
    160    145    160    110    130
    160     75    110    -85    160
    160    110    110    160     70
    165    145    165    160    160
    165    115    165    100    110
    150    145    150    110    130
    160     85    110    -55    160
    160    110    130    160     90
    240    240    210    160    190
    235    205    190    115    110
    215    190    210    110    190
    160    115    110    -35    160
    160    110    160    160    125
    145    105    110    125    125
    125     75     95    -10     75
    100     40    100     75     50
    125      0     75   -175    125
    130     75    110    125     10
    140    105    105    125    125
    105     55     90    -15     75
    105     90    105     75    105
    125    -15     75   -225    125
    125     75    105    125     15
    225    210    190    175    205
    210    160    175     85    110
    190    175    190    110    190
    160     70    110   -130    160
    205    110    190    160    170
    210    190    190    160    160
    210    160    190     95    110
    185    170    185    110    160
    160     85    110    -85    160
    190    110    190    160    100
    165    130    165    160    160
    140    100    140     50    110
    165    130    165    110    130
    160     40    110   -130    160
    160    110    140    160     95
    165    130    165    160    160
    165    105    165     85    110
    150    130    150    110    130
    160     55    110   -105    160
    160    110    160    160    115
    225    210    190    175    205
    225    175    190    120    110
    190    175    190    110    190
    160     85    110    -85    160
    205    110    190    160    170
    190    170    190    160    160
    190    110    190     35    110
    185    135    185    110    150
    160     85    110    -85    160
    190    110    190    160    120
    225    210    190    160    205
    210    160    175     70    110
    190    175    190    110    190
    175     85    110   -130    160
    205    110    190    160    170
    245    245    245    245    245
    245    245    245    245    245
    245    245    245    245    245
    245    245    245    115    245
    245    245    245    245    210
    245    245    245    245    245
    245    245    245    245    245
    245    245    245    245    245
    245    245    245    115    245
    245    245    245    245    230
    250    215    250    195    215
    225    185    225    135    145
    250    215    250    145    215
    195    125    145    -45    195
    225    145    225    195    165
    250    215    250    195    215
    250    190    250    170    145
    235    215    235    145    215
    195    140    145    -20    195
    245    145    245    195    185
    250    245    250    245    245
    250    245    250    245    245
    250    245    250    245    245
    245    245    245    115    245
    245    245    245    245    230
    235    235    210    160    160
    235    205    185    115    110
    210    190    205    110    160
    160    115    110    -35    160
    160    110    160    160     95
    210    210    185    160    190
    190    160    170     85    110
    190    190    185    110    190
    160     95    110    -85    160
    160    110    160    160    100
    245    245    245    245    245
    245    245    245    245    245
    245    245    245    245    245
    245    245    245    115    245
    245    245    245    245    230
    245    245    245    245    245
    245    245    245    245    245
    245    245    245    245    245
    245    245    245    115    245
    245    245    245    245    245
    245    230    245    195    215
    220    195    220    150    145
    245    230    245    145    215
    195    160    145      0    195
    195    145    195    195    160
    250    230    250    195    215
    250    200    250    185    145
    235    230    235    145    215
    195    170    145     30    195
    215    145    215    195    175
    265    260    250    245    245
    265    260    250    245    245
    245    245    245    245    245
    245    245    245    115    245
    245    245    245    245    245
    160    135    160    160    160
    145    110    145     75    110
    160    135    160    110    110
    160     65    110    -85    160
    160    110    130    160     70
    165    140    165    160    160
    130    100    130     40    110
    165    140    165    110    140
    160     50    110   -130    160
    160    110    130    160     95
    250    225    250    195    225
    215    185    215    125    145
    250    225    250    145    225
    195    135    145    -45    195
    215    145    215    195    165
    245    220    245    195    195
    230    195    230    160    145
    245    220    245    145    195
    195    150    145      0    195
    215    145    215    195    160
    230    180    230    195    195
    180    155    180    105    145
    230    180    230    145    165
    195    105    145    -50    195
    195    145    165    195    130
    215    180    215    195    195
    205    160    205    140    145
    215    180    215    145    165
    195    115    145    -20    195
    195    145    180    195    145
    250    225    250    195    225
    230    195    230    160    145
    250    225    250    145    225
    195    150    145      0    195
    215    145    215    195    185
    165    165    150    160    160
    145    115    145     85    110
    165    165    150    110    130
    160    100    110    -55    160
    160    110    130    160     90
    165    165    150    160    160
    130    105    130     55    110
    165    165    150    110    160
    160     85    110   -105    160
    160    110    130    160    115
    250    250    235    195    245
    215    190    215    140    145
    250    250    235    145    245
    195    170    145    -20    195
    215    145    215    195    185
    250    250    235    195    215
    230    200    230    170    145
    250    250    235    145    215
    195    185    145     30    195
    215    145    215    195    175
    215    205    215    195    195
    180    160    180    115    145
    215    205    215    145    180
    195    140    145    -20    195
    195    145    165    195    145
    210    210    210    195    195
    210    165    210    155    145
    210    210    200    145    180
    195    155    145     10    195
    195    145    180    195    155
    250    250    235    195    245
    230    200    230    170    145
    250    250    235    145    245
    195    185    145     30    195
    215    145    215    195    200
    240    235    215    160    160
    240    205    190    115    110
    210    190    210    110    160
    160    115    110    -35    160
    190    110    190    160    125
    225    225    190    160    205
    210    175    175     85    110
    190    190    190    110    190
    175    120    110    -85    160
    205    110    190    160    170
    250    250    250    245    245
    245    245    245    245    245
    250    250    250    245    245
    245    245    245    115    245
    245    245    245    245    230
    265    265    245    245    245
    260    260    245    245    245
    250    250    245    245    245
    245    245    245    115    245
    245    245    245    245    245
    250    230    250    195    215
    225    195    225    150    145
    250    230    250    145    215
    195    160    145      0    195
    225    145    225    195    185
    250    230    250    195    215
    250    200    250    185    145
    235    230    235    145    215
    195    170    145     30    195
    245    145    245    195    200
    265    265    250    245    245
    265    260    250    245    245
    250    250    250    245    245
    245    245    245    115    245
    245    245    245    245    245

# int11_enthalpies
   -220   -220   -270   -220   -270
   -220   -325   -270   -220   -270
   -270   -270   -320   -270   -445
   -220   -220   -270   -915   -270
   -270   -270   -445   -270   -660
    -60    -60   -150    -60   -295
   -295   -555   -295   -460   -295
    -60    -60   -150    -60   -430
   -295   -330   -295   -965   -295
    -60    -60   -500    -60   -590
    190    190    100    190    -45
    -45   -305    -45   -210    -45
    190    190    100    190   -180
    -45    -80    -45   -715    -45
    190    190   -250    190   -340
     30     30    -20     30    -20
     30    -75    -20     30    -20
    -20    -20    -70    -20   -195
     30     30    -20   -665    -20
    -20    -20   -195    -20   -410
    -10    -25    -10    -80    -10
    -10    -25    -10   -385    -10
    -80    -80   -145    -80   -890
    -10   -590    -10  -1165    -10
    -80    -80   -520    -80   -820
    385    225    385    290    385
    385    225    385    290    385
    205    205     20    205   -270
    385     70    385   -725    385
    205    205   -125    205   -240
    385    225    385    290    385
    385    225    385    290    385
    205    205    100    205   -180
    385     70    385   -665    385
    205    205   -125    205   -170
    -60   -295    -60   -295    -60
    -60   -555    -60   -330    -60
   -150   -295   -150   -295   -500
    -60   -460    -60   -965    -60
   -295   -295   -430   -295   -590
   -225   -330   -225   -330   -330
   -330   -395   -330   -405   -330
   -225   -330   -225   -330   -555
   -330   -405   -330  -1060   -330
   -330   -330   -555   -330   -850
     25    -80     25    -80    -80
    -80   -145    -80   -155    -80
     25    -80     25    -80   -305
    -80   -155    -80   -810    -80
    -80    -80   -305    -80   -600
    190    -45    190    -45    190
    190   -305    190    -80    190
    100    -45    100    -45   -250
    190   -210    190   -715    190
    -45    -45   -180    -45   -340
    365    270    365    270    305
    225    225    -70    -50    -70
    365    270    365    270    305
    170    170    -70   -920    -70
    270    270   -210    270   -590
    385     70    385    290    385
    385   -345    385    290    385
    370    -65    370    -65   -295
    385     70    385   -500    385
    -65    -65    -90    -65   -945
    385    270    385    290    385
    385    225    385    290    385
    370    270    370    270    305
    385    170    385   -500    385
    270    270    -90    270   -340
    190    -45    190    -45    190
    190   -305    190    -80    190
    100    -45    100    -45   -250
    190   -210    190   -715    190
    -45    -45   -180    -45   -340
     25    -80     25    -80    -80
    -80   -145    -80   -155    -80
     25    -80     25    -80   -305
    -80   -155    -80   -810    -80
    -80    -80   -305    -80   -600
    275    170    275    170    170
    170    105    170     95    170
    275    170    275    170    -55
    170     95    170   -555    170
    170    170    -55    170   -350
    440    205    440    205    440
    440    -55    440    170    440
    350    205    350    205      0
    440     40    440   -460    440
    205    205     70    205    -90
    615    520    615    520    555
    475    475    180    200    180
    615    520    615    520    555
    420    420    180   -665    180
    520    520     40    520   -340
    635    320    635    540    635
    635    -95    635    540    635
    620    185    620    185    -45
    635    320    635   -245    635
    185    185    160    185   -695
    635    520    635    540    635
    635    475    635    540    635
    620    520    620    520    555
    635    420    635   -245    635
    520    520    160    520    -90
     30     30    -20     30    -20
     30    -75    -20     30    -20
    -20    -20    -70    -20   -195
     30     30    -20   -665    -20
    -20    -20   -195    -20   -410
    190    190    100    190    -45
    -45   -305    -45   -210    -45
    190    190    100    190   -180
    -45    -80    -45   -715    -45
    190    190   -250    190   -340
    440    440    350    440    205
    205    -55    205     40    205
    440    440    350    440     70
    205    170    205   -460    205
    440    440      0    440    -90
    280    280    230    280    230
    280    175    230    280    230
    230    230    180    230     55
    280    280    230   -410    230
    230    230     55    230   -160
    240    225    240    170    240
    240    225    240   -135    240
    170    170    105    170   -640
    240   -340    240   -910    240
    170    170   -270    170   -570
    635    475    635    540    635
    635    475    635    540    635
    455    455    270    455    -20
    635    320    635   -470    635
    455    455    125    455     10
    635    475    635    540    635
    635    475    635    540    635
    455    455    350    455     70
    635    320    635   -410    635
    455    455    125    455     80
    -10    -10    -80    -10    -80
    -25    -25    -80   -590    -80
    -10    -10   -145    -10   -520
    -80   -385    -80  -1165    -80
    -10    -10   -890    -10   -820
    365    225    365    170    270
    270    225    270    170    270
    365    -70    365    -70   -210
    270    -50    270   -920    270
    305    -70    305    -70   -590
    615    475    615    420    520
    520    475    520    420    520
    615    180    615    180     40
    520    200    520   -665    520
    555    180    555    180   -340
    240    240    170    240    170
    225    225    170   -340    170
    240    240    105    240   -270
    170   -135    170   -910    170
    240    240   -640    240   -570
    465    465    465    465    465
    465    220    465    330    465
    465    465    350    465    190
    465    330    465   -210    465
    465    465    190    465    -80
    710    620    710    510     50
    620    620     50    510     50
    710    495    710    495   -105
     65     65     50   -335     50
    495    495    150    495   -435
    710    620    710    510    520
    620    620    520    510    520
    710    495    710    495    190
    520    330    520   -210    520
    555    495    555    495     90
    385    385    205    385    205
    225    225    205     70    205
    385    385     20    385   -125
    290    290    205   -725    205
    385    385   -270    385   -240
    385    385    370    385    -65
     70   -345    -65     70    -65
    385    385    370    385    -90
    290    290    -65   -500    -65
    385    385   -295    385   -945
    635    635    620    635    185
    320    -95    185    320    185
    635    635    620    635    160
    540    540    185   -245    185
    635    635    -45    635   -695
    635    635    455    635    455
    475    475    455    320    455
    635    635    270    635    125
    540    540    455   -470    455
    635    635    -20    635     10
    710    620    710     65    495
    620    620    495     65    495
    710     50    710     50    150
    510    510    495   -335    495
     50     50   -105     50   -435
    845    690    845    690    690
    690    580    690    570    690
    845    690    845    690    100
    690    570    690      5    690
    690    690    100    690    285
    845    690    845    690    690
    690    620    690    570    690
    845    690    845    690    160
    690    570    690      5    690
    690    690    100    690    285
    385    385    205    385    205
    225    225    205     70    205
    385    385    100    385   -125
    290    290    205   -665    205
    385    385   -180    385   -170
    385    385    370    385    270
    270    225    270    170    270
    385    385    370    385    -90
    290    290    270   -500    270
    385    385    305    385   -340
    635    635    620    635    520
    520    475    520    420    520
    635    635    620    635    160
    540    540    520   -245    520
    635    635    555    635    -90
    635    635    455    635    455
    475    475    455    320    455
    635    635    350    635    125
    540    540    455   -410    455
    635    635     70    635     80
    710    620    710    520    555
    620    620    495    330    495
    710    520    710    520    555
    510    510    495   -210    495
    520    520    190    520     90
    845    690    845    690    690
    690    620    690    570    690
    845    690    845    690    100
    690    570    690      5    690
    690    690    160    690    285
    845    690    845    690    690
    690    620    690    570    690
    845    690    845    690    555
    690    570    690      5    690
    690    690    555    690    285

# int21
    240    240    225    230    240
    240    240    215    230    205
    225    225    220    215    215
    235    235    210    225    205
    240    215    225    215    240
    240    210    225    155    240
    200    170    185    115    200
    215    185    200    130    215
    145    115    130    120    145
    240    210    225    155    240
    220    210    220    205    210
    210    200    210    195    200
    220    210    220    205    210
    190    180    190    175    180
    210    200    210    195    200
    225    145    195    145    225
    140    120    110    120    140
    205    125    175    125    205
    140    120    110    120    140
    225    145    195    145    225
    240    240    215    230    165
    240    240    215    230    165
    225    225    200    215    150
    235    235    210    225    160
    175    175    150    165    140
    255    255    230    235    230
    245    245    210    225    200
    235    225    225    215    210
    245    245    220    235    210
    240    225    215    205    230
    240    210    215    145    230
    205    175    180    110    195
    210    180    165    125    210
    140     95    125    115    140
    230    200    215    145    230
    225    215    225    200    205
    205    195    205    190    195
    225    205    225    200    205
    205    195    205    190    195
    220    210    210    195    200
    225    175    195    145    225
    195    145    165    100    195
    180    100    150    100    180
    140    120    105    115    135
    225    145    195    145    225
    245    245    220    235    170
    235    235    210    225    160
    225    225    195    215    150
    245    245    220    235    170
    185    175    160    165    135
    295    295    270    285    285
    285    285    270    275    260
    285    285    270    275    275
    295    295    270    285    260
    285    285    270    275    285
    285    255    270    205    285
    260    230    245    180    260
    275    245    260    195    275
    205    175    190    180    205
    285    255    270    205    285
    270    260    270    255    260
    270    260    270    255    260
    270    260    270    255    260
    260    250    260    245    250
    270    260    270    255    260
    280    205    250    205    280
    255    180    225    180    255
    260    185    230    185    260
    200    180    170    180    200
    280    205    250    205    280
    295    295    270    285    220
    285    285    260    275    210
    285    285    260    275    210
    295    295    270    285    220
    245    245    220    235    210
    295    295    270    285    285
    295    295    270    285    260
    285    285    270    275    275
    295    295    270    285    260
    285    285    270    275    285
    285    255    270    205    285
    260    230    245    180    260
    275    245    260    195    275
    205    175    190    180    205
    285    255    270    205    285
    270    260    270    255    260
    270    260    270    255    260
    270    260    270    255    260
    255    245    255    240    245
    270    260    270    255    260
    280    205    250    205    280
    200    180    170    180    200
    265    190    235    190    265
    200    180    170    180    200
    280    205    250    205    280
    295    295    270    285    220
    295    295    270    285    220
    285    285    260    275    210
    295    295    270    285    220
    245    245    220    235    210
    295    295    270    285    285
    295    295    270    285    260
    275    275    265    265    260
    295    295    270    285    260
    285    265    270    260    285
    285    255    270    205    285
    250    220    235    170    250
    260    230    245    180    260
    200    170    185    175    200
    285    255    270    205    285
    270    260    270    255    260
    255    245    255    240    245
    265    255    265    250    255
    270    260    270    255    260
    260    250    260    245    250
    280    205    250    205    280
    250    175    220    175    250
    260    185    230    185    260
    195    175    165    175    195
    280    205    250    205    280
    295    295    270    285    220
    295    295    270    285    220
    275    275    250    265    200
    295    295    270    285    220
    225    225    200    215    190
    295    295    280    285    285
    295    295    270    285    260
    275    275    265    265    260
    295    295    280    285    270
    285    265    270    260    285
    285    255    270    205    285
    255    225    240    175    255
    260    230    245    180    260
    200    170    185    175    200
    285    255    270    205    285
    280    270    280    265    270
    255    245    255    240    245
    265    255    265    250    255
    280    270    280    265    270
    260    250    260    245    250
    275    200    245    200    275
    195    175    165    175    195
    255    180    225    180    255
    195    175    165    175    195
    275    200    245    200    275
    295    295    270    285    220
    295    295    270    285    220
    275    275    250    265    200
    295    295    270    285    220
    225    225    200    215    190
    295    295    280    285    285
    295    295    270    285    260
    285    285    270    275    275
    295    295    280    285    270
    285    285    270    275    285
    285    255    270    205    285
    260    230    245    180    260
    275    245    260    195    275
    205    175    190    180    205
    285    255    270    205    285
    280    270    280    265    270
    270    260    270    255    260
    270    260    270    255    260
    280    270    280    265    270
    270    260    270    255    260
    280    205    250    205    280
    255    180    225    180    255
    265    190    235    190    265
    200    180    170    180    200
    280    205    250    205    280
    295    295    270    285    220
    295    295    270    285    220
    285    285    260    275    210
    295    295    270    285    220
    245    245    220    235    210
    245    240    220    230    235
    240    240    215    230    210
    215    215    215    215    215
    225    225    210    225    210
    235    205    220    210    235
    245    215    220    210    235
    205    175    180    160    195
    210    180    195    185    210
    145    115    125    115    140
    235    205    220    210    235
    215    205    215    180    210
    205    195    205    170    200
    215    205    215    180    210
    185    175    185    150    180
    205    195    185    170    200
    235    140    210    140    235
    150    115    125    115    150
    215    120    190    120    215
    150    115    125    115    150
    235    140    210    140    235
    230    230    215    230    165
    230    230    215    230    165
    215    215    200    215    150
    225    225    210    225    160
    165    165    150    165    140
    235    235    220    235    235
    225    225    210    225    205
    215    215    210    215    205
    235    235    220    235    210
    235    205    210    205    235
    225    195    210    200    225
    190    160    175    165    190
    205    175    190    180    205
    135    105    120    110    135
    225    195    210    200    225
    210    200    210    175    205
    200    190    200    165    195
    210    200    210    175    205
    200    190    200    165    195
    205    195    205    170    200
    235    140    210    140    235
    205    110    180    110    205
    190     95    165     95    190
    145    110    120    110    145
    235    140    210    140    235
    235    235    220    235    170
    225    225    210    225    160
    215    215    200    215    150
    235    235    220    235    170
    165    165    150    165    140
    290    285    270    285    290
    275    275    265    275    265
    275    275    265    275    270
    285    285    270    285    265
    290    275    265    275    290
    280    250    265    255    280
    255    225    240    230    255
    270    240    255    245    270
    200    170    185    175    200
    280    250    265    255    280
    265    255    265    230    260
    265    255    265    230    260
    265    255    265    230    260
    255    245    255    220    250
    265    255    265    230    260
    290    200    265    200    290
    265    175    240    175    265
    270    180    245    180    270
    210    175    185    175    210
    290    200    265    200    290
    285    285    270    285    220
    275    275    260    275    210
    275    275    260    275    210
    285    285    270    285    220
    235    235    220    235    210
    290    285    270    285    290
    285    285    270    285    265
    275    275    265    275    275
    285    285    270    285    265
    290    275    265    275    290
    280    250    265    255    280
    255    200    240    185    255
    270    240    255    245    270
    200    135    185    175    200
    280    250    265    255    280
    265    255    265    230    260
    265    255    265    230    260
    265    255    265    230    260
    250    240    250    215    245
    265    255    210    230    260
    290    200    265    200    290
    210    175    185    175    210
    275    185    250    185    275
    210    175    185    175    210
    290    200    265    200    290
    285    285    270    285    220
    285    285    270    285    220
    275    275    260    275    210
    285    285    270    285    220
    235    235    220    235    210
    290    285    270    285    290
    285    285    270    285    260
    270    265    260    265    270
    285    285    270    285    260
    290    255    265    255    290
    280    250    265    255    280
    245    215    230    220    245
    255    225    240    230    255
    195    165    180    170    195
    280    250    265    255    280
    265    255    265    230    260
    250    240    250    215    245
    260    250    260    225    255
    265    255    265    230    260
    255    245    255    220    250
    290    200    265    200    290
    260    170    235    170    260
    270    180    245    180    270
    205    170    180    170    205
    290    200    265    200    290
    285    285    270    285    220
    285    285    270    285    220
    265    265    250    265    200
    285    285    270    285    220
    215    215    200    215    190
    285    285    275    285    285
    285    285    270    285    260
    265    265    260    265    265
    285    285    275    285    270
    285    255    265    255    285
    280    250    265    255    280
    250    220    235    225    250
    255    225    240    230    255
    195    165    180    170    195
    280    250    265    255    280
    275    265    275    240    270
    250    240    250    215    245
    260    250    260    225    255
    275    265    275    240    270
    255    245    255    220    250
    285    195    260    195    285
    205    170    180    170    205
    265    175    240    175    265
    205    170    180    170    205
    285    195    260    195    285
    285    285    270    285    220
    285    285    270    285    220
    265    265    250    265    200
    285    285    270    285    220
    215    215    200    215    190
    290    285    275    285    290
    285    285    270    285    265
    275    275    265    275    275
    285    285    275    285    270
    290    275    265    275    290
    280    250    265    255    280
    255    225    240    230    255
    270    240    255    245    270
    200    170    185    175    200
    280    250    265    255    280
    275    265    275    240    270
    265    255    265    230    260
    265    255    265    230    260
    275    265    275    240    270
    265    255    265    230    260
    290    200    265    200    290
    265    175    240    175    265
    275    185    250    185    275
    210    175    185    175    210
    290    200    265    200    290
    285    285    270    285    220
    285    285    270    285    220
    275    275    260    275    210
    285    285    270    285    220
    235    235    220    235    210
    285    285    285    285    285
    285    285    275    285    275
    270    270    270    270    270
    280    280    270    280    270
    285    270    285    270    285
    285    270    285    270    285
    245    205    245    185    245
    260    245    260    245    260
    195    145    195    180    195
    285    270    285    270    285
    270    270    270    260    270
    260    260    260    250    260
    270    270    270    260    270
    240    240    240    230    240
    260    260    205    250    260
    285    205    265    205    285
    205    180    185    180    205
    265    185    245    185    265
    205    180    185    180    205
    285    205    265    205    285
    285    285    275    285    235
    285    285    275    285    235
    270    270    260    270    220
    280    280    270    280    230
    220    220    210    220    210
    290    290    280    290    285
    280    280    270    280    270
    270    270    265    270    265
    290    290    280    290    280
    285    260    275    260    285
    275    260    275    260    275
    240    225    240    225    240
    255    240    255    240    255
    190    175    190    175    190
    275    260    275    260    275
    265    265    265    255    265
    255    255    255    245    255
    265    265    265    255    265
    255    255    255    245    255
    260    260    260    250    260
    285    205    265    205    285
    255    175    235    175    255
    240    160    220    160    240
    200    175    180    175    200
    285    205    265    205    285
    290    290    280    290    240
    280    280    270    280    230
    270    270    260    270    220
    290    290    280    290    240
    220    220    210    220    210
    340    340    330    340    340
    330    330    320    330    320
    330    330    320    330    320
    340    340    330    340    330
    340    330    330    330    340
    330    315    330    315    330
    305    290    305    290    305
    320    305    320    305    320
    250    235    250    235    250
    330    315    330    315    330
    320    320    320    310    320
    320    320    320    310    320
    320    320    320    310    320
    310    310    310    300    310
    320    320    320    310    320
    340    260    320    260    340
    315    235    295    235    315
    320    240    300    240    320
    260    235    240    235    260
    340    260    320    260    340
    340    340    330    340    295
    330    330    320    330    285
    330    330    320    330    285
    340    340    330    340    295
    295    295    285    295    285
    340    340    330    340    340
    340    340    330    340    330
    330    330    320    330    325
    340    340    330    340    330
    340    330    330    330    340
    330    315    330    315    330
    305    230    305    210    305
    320    305    320    305    320
    250    165    250    235    250
    330    315    330    315    330
    320    320    320    310    320
    320    320    320    310    320
    320    320    320    310    320
    305    305    305    295    305
    320    320    230    310    320
    340    260    320    260    340
    260    235    240    235    260
    325    245    305    245    325
    260    235    240    235    260
    340    260    320    260    340
    340    340    330    340    295
    340    340    330    340    295
    330    330    320    330    285
    340    340    330    340    295
    295    295    285    295    285
    340    340    330    340    340
    340    340    330    340    330
    320    320    315    320    320
    340    340    330    340    330
    340    315    330    315    340
    330    315    330    315    330
    295    280    295    280    295
    305    290    305    290    305
    245    230    245    230    245
    330    315    330    315    330
    320    320    320    310    320
    305    305    305    295    305
    315    315    315    305    315
    320    320    320    310    320
    310    310    310    300    310
    340    260    320    260    340
    310    230    290    230    310
    320    240    300    240    320
    255    230    235    230    255
    340    260    320    260    340
    340    340    330    340    295
    340    340    330    340    295
    320    320    310    320    275
    340    340    330    340    295
    275    275    265    275    265
    340    340    330    340    335
    340    340    330    340    330
    320    320    315    320    315
    340    340    330    340    330
    335    315    330    315    335
    330    315    330    315    330
    300    285    300    285    300
    305    290    305    290    305
    245    230    245    230    245
    330    315    330    315    330
    330    330    330    320    330
    305    305    305    295    305
    315    315    315    305    315
    330    330    330    320    330
    310    310    310    300    310
    335    255    315    255    335
    255    230    235    230    255
    315    235    295    235    315
    255    230    235    230    255
    335    255    315    255    335
    340    340    330    340    295
    340    340    330    340    295
    320    320    310    320    275
    340    340    330    340    295
    275    275    265    275    265
    340    340    330    340    340
    340    340    330    340    330
    330    330    320    330    325
    340    340    330    340    330
    340    330    330    330    340
    330    315    330    315    330
    305    290    305    290    305
    320    305    320    305    320
    250    235    250    235    250
    330    315    330    315    330
    330    330    330    320    330
    320    320    320    310    320
    320    320    320    310    320
    330    330    330    320    330
    320    320    320    310    320
    340    260    320    260    340
    315    235    295    235    315
    325    245    305    245    325
    260    235    240    235    260
    340    260    320    260    340
    340    340    330    340    295
    340    340    330    340    295
    330    330    320    330    285
    340    340    330    340    295
    295    295    285    295    285
    295    285    285    285    295
    285    285    275    285    275
    270    270    270    270    270
    280    280    270    280    270
    295    270    285    270    295
    295    270    285    215    295
    255    230    245    175    255
    270    245    260    190    270
    205    180    195    180    205
    295    270    285    215    295
    270    270    270    265    270
    260    260    260    255    260
    270    270    270    265    270
    240    240    240    235    240
    260    260    260    255    260
    285    205    260    205    285
    205    180    180    180    205
    265    185    240    185    265
    205    180    180    180    205
    285    205    260    205    285
    285    285    275    285    235
    285    285    275    285    235
    270    270    260    270    220
    280    280    270    280    230
    220    220    210    220    210
    290    290    280    290    285
    280    280    270    280    270
    270    270    265    270    265
    290    290    280    290    280
    285    260    275    260    285
    285    260    275    205    285
    250    225    240    170    250
    265    240    255    185    265
    200    175    190    175    200
    285    260    275    205    285
    265    265    265    260    265
    255    255    255    250    255
    265    265    265    260    265
    255    255    255    250    255
    260    260    260    255    260
    285    205    260    205    285
    255    175    230    175    255
    240    160    215    160    240
    200    175    175    175    200
    285    205    260    205    285
    290    290    280    290    240
    280    280    270    280    230
    270    270    260    270    220
    290    290    280    290    240
    220    220    210    220    210
    340    340    330    340    340
    330    330    320    330    320
    330    330    320    330    330
    340    340    330    340    330
    340    330    330    330    340
    340    315    330    260    340
    315    290    305    235    315
    330    305    320    250    330
    260    235    250    235    260
    340    315    330    260    340
    320    320    320    315    320
    320    320    320    315    320
    320    320    320    315    320
    310    310    310    305    310
    320    320    320    315    320
    340    260    315    260    340
    315    235    290    235    315
    320    240    295    240    320
    260    235    235    235    260
    340    260    315    260    340
    340    340    330    340    295
    330    330    320    330    285
    330    330    320    330    285
    340    340    330    340    295
    295    295    285    295    285
    340    340    330    340    340
    340    340    330    340    330
    330    330    320    330    330
    340    340    330    340    330
    340    330    330    330    340
    340    315    330    260    340
    315    290    305    235    315
    330    305    320    250    330
    260    235    250    235    260
    340    315    330    260    340
    320    320    320    315    320
    320    320    320    315    320
    320    320    320    315    320
    305    305    305    300    305
    320    320    320    315    320
    340    260    315    260    340
    260    235    235    235    260
    325    245    300    245    325
    260    235    235    235    260
    340    260    315    260    340
    340    340    330    340    295
    340    340    330    340    295
    330    330    320    330    285
    340    340    330    340    295
    295    295    285    295    285
    340    340    330    340    340
    340    340    330    340    330
    320    320    315    320    320
    340    340    330    340    330
    340    315    330    315    340
    340    315    330    260    340
    305    280    295    225    305
    315    290    305    235    315
    255    230    245    230    255
    340    315    330    260    340
    320    320    320    315    320
    305    305    305    300    305
    315    315    315    310    315
    320    320    320    315    320
    310    310    310    305    310
    340    260    315    260    340
    310    230    285    230    310
    320    240    295    240    320
    255    230    230    230    255
    340    260    315    260    340
    340    340    330    340    295
    340    340    330    340    295
    320    320    310    320    275
    340    340    330    340    295
    275    275    265    275    265
    340    340    330    340    340
    340    340    330    340    330
    320    320    315    320    315
    340    340    330    340    330
    340    315    330    315    340
    340    315    330    260    340
    310    285    300    230    310
    315    290    305    235    315
    255    230    245    230    255
    340    315    330    260    340
    330    330    330    325    330
    305    305    305    300    305
    315    315    315    310    315
    330    330    330    325    330
    310    310    310    305    310
    335    255    310    255    335
    255    230    230    230    255
    315    235    290    235    315
    255    230    230    230    255
    335    255    310    255    335
    340    340    330    340    295
    340    340    330    340    295
    320    320    310    320    275
    340    340    330    340    295
    275    275    265    275    265
    340    340    330    340    340
    340    340    330    340    330
    330    330    320    330    330
    340    340    330    340    330
    340    330    330    330    340
    340    315    330    260    340
    315    290    305    235    315
    330    305    320    250    330
    260    235    250    235    260
    340    315    330    260    340
    330    330    330    325    330
    320    320    320    315    320
    320    320    320    315    320
    330    330    330    325    330
    320    320    320    315    320
    340    260    315    260    340
    315    235    290    235    315
    325    245    300    245    325
    260    235    235    235    260
    340    260    315    260    340
    340    340    330    340    295
    340    340    330    340    295
    330    330    320    330    285
    340    340    330    340    295
    295    295    285    295    285
    295    285    275    285    295
    285    285    265    285    260
    270    270    265    270    270
    280    280    260    280    260
    295    260    275    265    295
    295    260    270    265    295
    255    220    230    225    255
    270    235    245    240    270
    205    170    180    175    205
    295    260    270    265    295
    265    255    265    260    260
    255    245    255    250    250
    265    255    265    260    260
    235    225    235    230    230
    255    245    255    250    250
    285    200    275    200    285
    205    175    195    175    205
    265    180    255    180    265
    205    175    195    175    205
    285    200    275    200    285
    285    285    265    285    215
    285    285    265    285    215
    270    270    250    270    200
    280    280    260    280    210
    220    220    200    220    190
    290    290    275    290    285
    280    280    260    280    255
    270    270    260    270    265
    290    290    270    290    260
    285    260    275    260    285
    285    250    260    255    285
    250    215    225    220    250
    265    230    240    235    265
    200    165    175    170    200
    285    250    260    255    285
    260    250    260    255    255
    250    240    250    245    245
    260    250    260    255    255
    250    240    250    245    245
    255    245    255    250    250
    285    200    275    200    285
    255    170    245    170    255
    240    155    230    155    240
    200    170    190    170    200
    285    200    275    200    285
    290    290    270    290    220
    280    280    260    280    210
    270    270    250    270    200
    290    290    270    290    220
    220    220    200    220    190
    340    340    330    340    340
    330    330    315    330    315
    330    330    315    330    330
    340    340    320    340    315
    340    330    330    330    340
    340    305    315    310    340
    315    280    290    285    315
    330    295    305    300    330
    260    225    235    230    260
    340    305    315    310    340
    315    305    315    310    310
    315    305    315    310    310
    315    305    315    310    310
    305    295    305    300    300
    315    305    315    310    310
    340    255    330    255    340
    315    230    305    230    315
    320    235    310    235    320
    260    230    250    230    260
    340    255    330    255    340
    340    340    320    340    275
    330    330    310    330    265
    330    330    310    330    265
    340    340    320    340    275
    295    295    275    295    265
    340    340    330    340    340
    340    340    320    340    315
    330    330    315    330    330
    340    340    320    340    315
    340    330    330    330    340
    340    305    315    310    340
    315    280    290    285    315
    330    295    305    300    330
    260    225    235    230    260
    340    305    315    310    340
    315    305    315    310    310
    315    305    315    310    310
    315    305    315    310    310
    300    290    300    295    295
    315    305    315    310    310
    340    255    330    255    340
    260    230    250    230    260
    325    240    315    240    325
    260    230    250    230    260
    340    255    330    255    340
    340    340    320    340    275
    340    340    320    340    275
    330    330    310    330    265
    340    340    320    340    275
    295    295    275    295    265
    340    340    330    340    340
    340    340    320    340    310
    320    320    310    320    320
    340    340    320    340    310
    340    310    330    310    340
    340    305    315    310    340
    305    270    280    275    305
    315    280    290    285    315
    255    220    230    225    255
    340    305    315    310    340
    315    305    315    310    310
    300    290    300    295    295
    310    300    310    305    305
    315    305    315    310    310
    305    295    305    300    300
    340    255    330    255    340
    310    225    300    225    310
    320    235    310    235    320
    255    225    245    225    255
    340    255    330    255    340
    340    340    320    340    275
    340    340    320    340    275
    320    320    300    320    255
    340    340    320    340    275
    275    275    255    275    245
    340    340    325    340    340
    340    340    320    340    310
    320    320    310    320    315
    340    340    325    340    320
    340    310    325    310    340
    340    305    315    310    340
    310    275    285    280    310
    315    280    290    285    315
    255    220    230    225    255
    340    305    315    310    340
    325    315    325    320    320
    300    290    300    295    295
    310    300    310    305    305
    325    315    325    320    320
    305    295    305    300    300
    335    250    325    250    335
    255    225    245    225    255
    315    230    305    230    315
    255    225    245    225    255
    335    250    325    250    335
    340    340    320    340    275
    340    340    320    340    275
    320    320    300    320    255
    340    340    320    340    275
    275    275    255    275    245
    340    340    330    340    340
    340    340    320    340    315
    330    330    315    330    330
    340    340    325    340    320
    340    330    330    330    340
    340    305    315    310    340
    315    280    290    285    315
    330    295    305    300    330
    260    225    235    230    260
    340    305    315    310    340
    325    315    325    320    320
    315    305    315    310    310
    315    305    315    310    310
    325    315    325    320    320
    315    305    315    310    310
    340    255    330    255    340
    315    230    305    230    315
    325    240    315    240    325
    260    230    250    230    260
    340    255    330    255    340
    340    340    320    340    275
    340    340    320    340    275
    330    330    310    330    265
    340    340    320    340    275
    295    295    275    295    265
    295    285    285    280    295
    285    285    265    280    260
    270    270    265    265    270
    280    280    260    275    260
    295    265    285    265    295
    295    265    270    210    295
    255    225    230    170    255
    270    240    245    185    270
    205    175    180    175    205
    295    265    270    210    295
    265    255    265    255    260
    255    245    255    245    250
    265    255    265    255    260
    235    225    235    225    230
    255    245    255    245    250
    285    200    285    200    285
    205    175    205    175    205
    265    180    265    180    265
    205    175    205    175    205
    285    200    285    200    285
    285    285    265    280    215
    285    285    265    280    215
    270    270    250    265    200
    280    280    260    275    210
    220    220    200    215    190
    290    290    285    285    285
    280    280    260    275    255
    270    270    260    265    265
    290    290    270    285    260
    285    260    285    255    285
    285    255    260    200    285
    250    220    225    165    250
    265    235    240    180    265
    200    170    175    170    200
    285    255    260    200    285
    260    250    260    250    255
    250    240    250    240    245
    260    250    260    250    255
    250    240    250    240    245
    255    245    255    245    250
    285    200    285    200    285
    255    170    255    170    255
    240    155    240    155    240
    200    170    200    170    200
    285    200    285    200    285
    290    290    270    285    220
    280    280    260    275    210
    270    270    250    265    200
    290    290    270    285    220
    220    220    200    215    190
    340    340    340    335    340
    330    330    315    325    315
    330    330    320    325    330
    340    340    320    335    315
    340    330    340    325    340
    340    310    315    255    340
    315    285    290    230    315
    330    300    305    245    330
    260    230    235    230    260
    340    310    315    255    340
    315    305    315    305    310
    315    305    315    305    310
    315    305    315    305    310
    305    295    305    295    300
    315    305    315    305    310
    340    255    340    255    340
    315    230    315    230    315
    320    235    320    235    320
    260    230    260    230    260
    340    255    340    255    340
    340    340    320    335    275
    330    330    310    325    265
    330    330    310    325    265
    340    340    320    335    275
    295    295    275    290    265
    340    340    340    335    340
    340    340    320    335    315
    330    330    325    325    330
    340    340    320    335    315
    340    330    340    325    340
    340    310    315    255    340
    315    285    290    230    315
    330    300    305    245    330
    260    230    235    230    260
    340    310    315    255    340
    315    305    315    305    310
    315    305    315    305    310
    315    305    315    305    310
    300    290    300    290    295
    315    305    315    305    310
    340    255    340    255    340
    260    230    260    230    260
    325    240    325    240    325
    260    230    260    230    260
    340    255    340    255    340
    340    340    320    335    275
    340    340    320    335    275
    330    330    310    325    265
    340    340    320    335    275
    295    295    275    290    265
    340    340    340    335    340
    340    340    320    335    310
    320    320    320    315    320
    340    340    320    335    310
    340    310    340    310    340
    340    310    315    255    340
    305    275    280    220    305
    315    285    290    230    315
    255    225    230    225    255
    340    310    315    255    340
    315    305    315    305    310
    300    290    300    290    295
    310    300    310    300    305
    315    305    315    305    310
    305    295    305    295    300
    340    255    340    255    340
    310    225    310    225    310
    320    235    320    235    320
    255    225    255    225    255
    340    255    340    255    340
    340    340    320    335    275
    340    340    320    335    275
    320    320    300    315    255
    340    340    320    335    275
    275    275    255    270    245
    340    340    335    335    340
    340    340    320    335    310
    320    320    315    315    315
    340    340    325    335    320
    340    310    335    310    340
    340    310    315    255    340
    310    280    285    225    310
    315    285    290    230    315
    255    225    230    225    255
    340    310    315    255    340
    325    315    325    315    320
    300    290    300    290    295
    310    300    310    300    305
    325    315    325    315    320
    305    295    305    295    300
    335    250    335    250    335
    255    225    255    225    255
    315    230    315    230    315
    255    225    255    225    255
    335    250    335    250    335
    340    340    320    335    275
    340    340    320    335    275
    320    320    300    315    255
    340    340    320    335    275
    275    275    255    270    245
    340    340    340    335    340
    340    340    320    335    315
    330    330    325    325    330
    340    340    325    335    320
    340    330    340    325    340
    340    310    315    255    340
    315    285    290    230    315
    330    300    305    245    330
    260    230    235    230    260
    340    310    315    255    340
    325    315    325    315    320
    315    305    315    305    310
    315    305    315    305    310
    325    315    325    315    320
    315    305    315    305    310
    340    255    340    255    340
    315    230    315    230    315
    325    240    325    240    325
    260    230    260    230    260
    340    255    340    255    340
    340    340    320    335    275
    340    340    320    335    275
    330    330    310    325    265
    340    340    320    335    275
    295    295    275    290    265
    295    285    285    285    295
    285    285    275    285    275
    270    270    270    270    270
    280    280    270    280    270
    295    270    285    270    295
    295    270    285    270    295
    255    230    245    230    255
    270    245    260    245    270
    205    180    195    180    205
    295    270    285    270    295
    270    270    270    265    270
    260    260    260    255    260
    270    270    270    265    270
    240    240    240    235    240
    260    260    260    255    260
    285    205    285    205    285
    205    180    205    180    205
    265    185    265    185    265
    205    180    205    180    205
    285    205    285    205    285
    285    285    275    285    235
    285    285    275    285    235
    270    270    260    270    220
    280    280    270    280    230
    220    220    210    220    210
    290    290    285    290    285
    280    280    270    280    270
    270    270    265    270    265
    290    290    280    290    280
    285    260    285    260    285
    285    260    275    260    285
    250    225    240    225    250
    265    240    255    240    265
    200    175    190    175    200
    285    260    275    260    285
    265    265    265    260    265
    255    255    255    250    255
    265    265    265    260    265
    255    255    255    250    255
    260    260    260    255    260
    285    205    285    205    285
    255    175    255    175    255
    240    160    240    160    240
    200    175    200    175    200
    285    205    285    205    285
    290    290    280    290    240
    280    280    270    280    230
    270    270    260    270    220
    290    290    280    290    240
    220    220    210    220    210
    340    340    340    340    340
    330    330    320    330    320
    330    330    320    330    330
    340    340    330    340    330
    340    330    340    330    340
    340    315    330    315    340
    315    290    305    290    315
    330    305    320    305    330
    260    235    250    235    260
    340    315    330    315    340
    320    320    320    315    320
    320    320    320    315    320
    320    320    320    315    320
    310    310    310    305    310
    320    320    320    315    320
    340    260    340    260    340
    315    235    315    235    315
    320    240    320    240    320
    260    235    260    235    260
    340    260    340    260    340
    340    340    330    340    295
    330    330    320    330    285
    330    330    320    330    285
    340    340    330    340    295
    295    295    285    295    285
    340    340    340    340    340
    340    340    330    340    330
    330    330    325    330    330
    340    340    330    340    330
    340    330    340    330    340
    340    315    330    315    340
    315    290    305    290    315
    330    305    320    305    330
    260    235    250    235    260
    340    315    330    315    340
    320    320    320    315    320
    320    320    320    315    320
    320    320    320    315    320
    305    305    305    300    305
    320    320    320    315    320
    340    260    340    260    340
    260    235    260    235    260
    325    245    325    245    325
    260    235    260    235    260
    340    260    340    260    340
    340    340    330    340    295
    340    340    330    340    295
    330    330    320    330    285
    340    340    330    340    295
    295    295    285    295    285
    340    340    340    340    340
    340    340    330    340    330
    320    320    320    320    320
    340    340    330    340    330
    340    315    340    315    340
    340    315    330    315    340
    305    280    295    280    305
    315    290    305    290    315
    255    230    245    230    255
    340    315    330    315    340
    320    320    320    315    320
    305    305    305    300    305
    315    315    315    310    315
    320    320    320    315    320
    310    310    310    305    310
    340    260    340    260    340
    310    230    310    230    310
    320    240    320    240    320
    255    230    255    230    255
    340    260    340    260    340
    340    340    330    340    295
    340    340    330    340    295
    320    320    310    320    275
    340    340    330    340    295
    275    275    265    275    265
    340    340    335    340    340
    340    340    330    340    330
    320    320    315    320    315
    340    340    330    340    330
    340    315    335    315    340
    340    315    330    315    340
    310    285    300    285    310
    315    290    305    290    315
    255    230    245    230    255
    340    315    330    315    340
    330    330    330    325    330
    305    305    305    300    305
    315    315    315    310    315
    330    330    330    325    330
    310    310    310    305    310
    335    255    335    255    335
    255    230    255    230    255
    315    235    315    235    315
    255    230    255    230    255
    335    255    335    255    335
    340    340    330    340    295
    340    340    330    340    295
    320    320    310    320    275
    340    340    330    340    295
    275    275    265    275    265
    340    340    340    340    340
    340    340    330    340    330
    330    330    325    330    330
    340    340    330    340    330
    340    330    340    330    340
    340    315    330    315    340
    315    290    305    290    315
    330    305    320    305    330
    260    235    250    235    260
    340    315    330    315    340
    330    330    330    325    330
    320    320    320    315    320
    320    320    320    315    320
    330    330    330    325    330
    320    320    320    315    320
    340    260    340    260    340
    315    235    315    235    315
    325    245    325    245    325
    260    235    260    235    260
    340    260    340    260    340
    340    340    330    340    295
    340    340    330    340    295
    330    330    320    330    285
    340    340    330    340    295
    295    295    285    295    285

# int21_enthalpies
   1425   1425   1425   1425   1425
   1425   1425   1425   1425   1425
   1425   1425   1375   1425   1375
   1425   1425   1425   1425   1425
   1425   1425   1375   1425   1375
   1425   1425   1425   1135   1425
   1425   1320   1320   1135   1320
   1425   1320   1375   1135   1375
   1135   1135   1135   1135   1135
   1425   1320   1375   1135   1375
   1375   1375   1375   1375   1200
   1375   1375   1375   1375   1200
   1375   1375   1325   1375   1200
   1375   1375   1375   1375   1200
   1200   1200   1200   1200   1200
   1425   1135   1425   1135   1425
   1135   1135   1135   1135   1135
   1425   1135   1375    835   1375
   1135   1135    835    835    835
   1425   1135   1375    835   1375
   1375   1375   1200   1375    475
   1375   1375   1200   1375    475
   1200   1200   1200   1200    475
   1375   1375   1200   1375    475
    475    475    475    475    475
   1800   1730   1800   1585   1350
   1585   1585   1585   1585   1350
   1800   1585   1710   1585   1350
   1585   1585   1585   1585   1225
   1495   1495   1350   1225   1350
   1350   1350   1350   1135   1350
   1350   1045   1350   1135   1350
   1350   1350   1050    895   1350
    895    895    895    895    895
   1350   1350   1350    895   1350
   1800   1730   1800   1585   1215
   1585   1490   1585   1585   1215
   1800   1585   1710   1585   1215
   1585   1585   1585   1585   1215
   1360   1360   1215   1215   1215
   1350   1060   1350    785   1350
   1315   1060   1315    695   1315
   1350   1025   1350    785   1350
    785    745    785    785    785
   1350   1025   1350    785   1350
   1700   1585   1340   1585    760
   1585   1585   1145   1585    715
   1260   1145   1260   1145    680
   1585   1585   1145   1585    715
    715    715    705    715    700
   1835   1835   1835   1835   1600
   1835   1835   1835   1835   1600
   1835   1835   1745   1835   1600
   1835   1835   1835   1835   1475
   1600   1600   1600   1475   1600
   1600   1600   1600   1150   1600
   1600   1340   1600   1150   1600
   1600   1600   1600   1150   1600
   1150   1150   1150   1150   1150
   1600   1600   1600   1150   1600
   1835   1835   1835   1835   1465
   1835   1835   1835   1835   1465
   1835   1835   1745   1835   1465
   1835   1835   1835   1835   1465
   1465   1465   1465   1465   1465
   1600   1280   1600   1040   1600
   1565   1280   1565   1040   1565
   1600   1280   1600   1040   1600
   1040   1040   1040   1040   1040
   1600   1280   1600   1040   1600
   1835   1835   1475   1835    970
   1835   1835   1395   1835    970
   1395   1395   1395   1395    890
   1835   1835   1395   1835    970
    970    970    970    970    970
   1675   1675   1675   1675   1675
   1675   1675   1675   1675   1675
   1675   1675   1625   1675   1625
   1675   1675   1675   1675   1675
   1675   1675   1625   1675   1625
   1675   1675   1675   1390   1675
   1675   1570   1570   1390   1570
   1675   1570   1625   1390   1625
   1390   1390   1390   1390   1390
   1675   1570   1625   1390   1625
   1625   1625   1625   1625   1450
   1625   1625   1625   1625   1450
   1625   1625   1575   1625   1450
   1625   1625   1625   1625   1450
   1450   1450   1450   1450   1450
   1675   1390   1675   1390   1675
   1390   1390   1390   1390   1390
   1675   1390   1625   1090   1625
   1390   1390   1090   1090   1090
   1675   1390   1625   1090   1625
   1625   1625   1450   1625    730
   1625   1625   1450   1625    730
   1450   1450   1450   1450    730
   1625   1625   1450   1625    730
    730    730    730    730    730
   1635   1635   1635   1565   1635
   1635   1620   1635   1565   1635
   1635   1635   1635   1565   1635
   1565   1565   1565   1565   1260
   1635   1635   1635   1260   1635
   1635   1635   1635    975   1635
   1635   1620   1635    975   1635
   1635   1635   1635    975   1635
    975    975    975    975    975
   1635   1635   1635    975   1635
   1565   1565   1565   1565    755
   1565   1565   1565   1565    755
   1565   1565   1500   1565    755
   1565   1565   1565   1565    755
    755    755    755    755    755
   1635    770   1635    590   1635
   1055    770   1055    590   1055
   1635    770   1635    590   1635
    590    590    590    590    590
   1635    770   1635    590   1635
   1565   1565   1125   1565    490
   1565   1565   1125   1565    490
   1125   1125   1125   1125    490
   1565   1565   1125   1565    490
    490    490    490    490    490
   2030   1935   2030   1935   2030
   1935   1870   1870   1935   1870
   2030   1870   2030   1935   2030
   1935   1935   1935   1935   1935
   2030   1870   2030   1935   2030
   2030   1935   2030   1650   2030
   1935   1870   1870   1650   1870
   2030   1870   2030   1650   2030
   1650   1650   1650   1650   1650
   2030   1870   2030   1650   2030
   1850   1850   1850   1850   1375
   1850   1850   1850   1850   1375
   1850   1850   1665   1850   1375
   1850   1850   1850   1850   1375
   1375   1375   1375   1375   1375
   2030   1430   2030   1030   2030
   1430   1430   1430   1030   1430
   2030   1430   2030   1030   2030
   1030   1030   1030   1030   1030
   2030   1430   2030   1030   2030
   1850   1850   1520   1850    900
   1850   1850   1520   1850    900
   1520   1520   1520   1520    900
   1850   1850   1520   1850    900
    900    900    900    900    900
   2030   1935   2030   1935   2030
   1935   1870   1870   1935   1870
   2030   1870   2030   1935   2030
   1935   1935   1935   1935   1935
   2030   1870   2030   1935   2030
   2030   1935   2030   1650   2030
   1935   1870   1870   1650   1870
   2030   1870   2030   1650   2030
   1650   1650   1650   1650   1650
   2030   1870   2030   1650   2030
   1850   1850   1850   1850   1465
   1850   1850   1850   1850   1465
   1850   1850   1745   1850   1465
   1850   1850   1850   1850   1465
   1465   1465   1465   1465   1465
   2030   1430   2030   1390   2030
   1715   1430   1715   1390   1715
   2030   1430   2030   1090   2030
   1390   1390   1090   1090   1090
   2030   1430   2030   1090   2030
   1850   1850   1520   1850    970
   1850   1850   1520   1850    970
   1520   1520   1520   1520    900
   1850   1850   1520   1850    970
    970    970    970    970    970
   1755   1520   1585   1350   1585
   1520   1520   1350   1350   1350
   1585   1350   1585   1350   1585
   1350   1350   1350   1350   1350
   1585   1350   1585   1350   1585
   1755   1485   1585   1315   1585
   1485   1260   1090   1260   1090
   1585   1090   1585   1315   1585
   1025    890   1025   1025   1025
   1585   1090   1585   1315   1585
   1495   1350   1495   1350   1350
   1350   1350   1350   1350   1350
   1495   1350   1495   1350   1145
   1350   1350   1350   1350   1350
   1350   1350   1035   1350   1145
   1585    895   1585    895   1585
    895    895    895    895    895
   1585    895   1585    785   1585
    895    895    785    785    785
   1585    895   1585    785   1585
   1350   1350   1350   1350    840
   1350   1350   1350   1350    840
   1350   1350   1215   1350    715
   1350   1350   1350   1350    840
    840    840    715    840    715
   1420   1315   1420   1315   1315
   1315   1315   1315   1315   1315
   1420   1315   1420   1315   1315
   1315   1315   1315   1315   1315
   1315   1315   1315   1315   1315
   1315   1250   1315   1240   1315
   1250   1250   1250   1240   1250
   1315   1250   1315   1240   1315
    950    950    950    950    950
   1315   1250   1315   1240   1315
   1420   1315   1420   1315   1315
   1315   1315   1315   1315   1315
   1420   1315   1420   1315   1090
   1315   1315   1315   1315   1315
   1315   1315   1090   1315   1090
   1315    950   1315    690   1315
   1240    950   1240    690   1240
   1315    950   1315    690   1315
    690    690    690    690    690
   1315    950   1315    690   1315
   1315   1315   1315   1315    805
   1315   1315   1315   1315    805
   1315   1315   1090   1315    580
   1315   1315   1315   1315    805
    805    805    580    805    625
   1670   1565   1670   1565   1565
   1565   1565   1565   1565   1565
   1670   1565   1670   1565   1565
   1565   1565   1565   1565   1565
   1565   1565   1565   1565   1565
   1565   1500   1565   1490   1565
   1500   1500   1500   1490   1500
   1565   1500   1565   1490   1565
   1205   1205   1205   1205   1205
   1565   1500   1565   1490   1565
   1670   1565   1670   1565   1565
   1565   1565   1565   1565   1565
   1670   1565   1670   1565   1340
   1565   1565   1565   1565   1565
   1565   1565   1340   1565   1340
   1565   1205   1565    945   1565
   1490   1205   1490    945   1490
   1565   1205   1565    945   1565
    945    945    945    945    945
   1565   1205   1565    945   1565
   1565   1565   1565   1565   1060
   1565   1565   1565   1565   1060
   1565   1565   1340   1565    835
   1565   1565   1565   1565   1060
   1060   1060    835   1060    880
   1835   1600   1835   1600   1835
   1600   1600   1600   1600   1600
   1835   1600   1835   1600   1835
   1600   1600   1600   1600   1600
   1835   1600   1835   1600   1835
   1835   1565   1835   1565   1835
   1565   1260   1340   1260   1340
   1835   1340   1835   1565   1835
   1280    890   1280   1280   1280
   1835   1340   1835   1565   1835
   1745   1600   1745   1600   1600
   1600   1600   1600   1600   1600
   1745   1600   1745   1600   1395
   1600   1600   1600   1600   1600
   1600   1600   1035   1600   1395
   1835   1150   1835   1150   1835
   1150   1150   1150   1150   1150
   1835   1150   1835   1040   1835
   1150   1150   1040   1040   1040
   1835   1150   1835   1040   1835
   1600   1600   1600   1600   1095
   1600   1600   1600   1600   1095
   1600   1600   1465   1600    970
   1600   1600   1600   1600   1095
   1095   1095    970   1095    970
   2010   1915   2010   1915   1950
   1915   1915   1915   1915   1915
   2010   1915   2010   1915   1950
   1915   1915   1915   1915   1915
   1950   1915   1950   1915   1950
   1870   1870   1595   1595   1595
   1870   1870   1575   1595   1575
   1595   1575   1575   1595   1575
   1310   1310   1310   1310   1310
   1595   1575   1575   1595   1575
   2010   1915   2010   1915   1950
   1915   1915   1915   1915   1915
   2010   1915   2010   1915   1950
   1915   1915   1915   1915   1915
   1950   1915   1950   1915   1950
   1815   1530   1815    835   1815
   1815   1530   1815    835   1815
   1815   1530   1575    835   1575
    835    835    835    835    835
   1815   1530   1575    835   1575
   1915   1915   1435   1915    930
   1915   1915   1435   1915    890
   1435   1435   1435   1435    930
   1915   1915   1435   1915    890
    890    890    890    890    890
   2030   1935   2030   1935   2030
   1715   1715   1715   1715   1715
   2030   1715   2030   1935   2030
   1935   1935   1935   1935   1935
   2030   1715   2030   1935   2030
   2030   1935   2030   1935   2030
   1300   1300   1300   1300   1300
   2030   1300   2030   1935   2030
   1650   1650   1650   1650   1650
   2030   1300   2030   1935   2030
   2015   1580   2015   1580   1580
   1580   1580   1580   1580   1580
   2015   1580   2015   1580   1350
   1580   1580   1580   1580   1580
   1580   1580   1350   1580   1350
   2030   1430   2030   1430   2030
   1430   1430   1430   1430   1430
   2030   1430   2030   1255   2030
   1430   1430   1255   1255   1255
   2030   1430   2030   1255   2030
   1580   1580   1580   1580    365
   1580   1580   1580   1580    365
   1580   1580   1555   1580    365
   1580   1580   1580   1580    365
    365    365    365    365    365
   2030   1935   2030   1935   2030
   1915   1915   1915   1915   1915
   2030   1915   2030   1935   2030
   1935   1935   1935   1935   1935
   2030   1915   2030   1935   2030
   2030   1935   2030   1935   2030
   1870   1870   1575   1595   1575
   2030   1575   2030   1935   2030
   1650   1650   1650   1650   1650
   2030   1575   2030   1935   2030
   2015   1915   2015   1915   1950
   1915   1915   1915   1915   1915
   2015   1915   2015   1915   1950
   1915   1915   1915   1915   1915
   1950   1915   1950   1915   1950
   2030   1530   2030   1430   2030
   1815   1530   1815   1430   1815
   2030   1530   2030   1255   2030
   1430   1430   1255   1255   1255
   2030   1530   2030   1255   2030
   1915   1915   1600   1915   1095
   1915   1915   1600   1915   1095
   1600   1600   1555   1600    970
   1915   1915   1600   1915   1095
   1095   1095    970   1095    970
   1835   1600   1835   1600   1835
   1600   1600   1600   1600   1600
   1835   1600   1835   1600   1835
   1600   1600   1600   1600   1600
   1835   1600   1835   1600   1835
   1835   1565   1835   1565   1835
   1565   1260   1340   1260   1340
   1835   1340   1835   1565   1835
   1280    890   1280   1280   1280
   1835   1340   1835   1565   1835
   1745   1600   1745   1600   1600
   1600   1600   1600   1600   1600
   1745   1600   1745   1600   1395
   1600   1600   1600   1600   1600
   1600   1600   1035   1600   1395
   1835   1150   1835   1150   1835
   1150   1150   1150   1150   1150
   1835   1150   1835   1040   1835
   1150   1150   1040   1040   1040
   1835   1150   1835   1040   1835
   1600   1600   1600   1600   1095
   1600   1600   1600   1600   1095
   1600   1600   1465   1600    970
   1600   1600   1600   1600   1095
   1095   1095    970   1095    970
   1670   1565   1670   1565   1565
   1565   1565   1565   1565   1565
   1670   1565   1670   1565   1565
   1565   1565   1565   1565   1565
   1565   1565   1565   1565   1565
   1565   1500   1565   1490   1565
   1500   1500   1500   1490   1500
   1565   1500   1565   1490   1565
   1205   1205   1205   1205   1205
   1565   1500   1565   1490   1565
   1670   1565   1670   1565   1565
   1565   1565   1565   1565   1565
   1670   1565   1670   1565   1340
   1565   1565   1565   1565   1565
   1565   1565   1340   1565   1340
   1565   1205   1565    945   1565
   1490   1205   1490    945   1490
   1565   1205   1565    945   1565
    945    945    945    945    945
   1565   1205   1565    945   1565
   1565   1565   1565   1565   1060
   1565   1565   1565   1565   1060
   1565   1565   1340   1565    835
   1565   1565   1565   1565   1060
   1060   1060    835   1060    880
   1920   1815   1920   1815   1815
   1815   1815   1815   1815   1815
   1920   1815   1920   1815   1815
   1815   1815   1815   1815   1815
   1815   1815   1815   1815   1815
   1815   1750   1815   1740   1815
   1750   1750   1750   1740   1750
   1815   1750   1815   1740   1815
   1455   1455   1455   1455   1455
   1815   1750   1815   1740   1815
   1920   1815   1920   1815   1815
   1815   1815   1815   1815   1815
   1920   1815   1920   1815   1590
   1815   1815   1815   1815   1815
   1815   1815   1590   1815   1590
   1815   1455   1815   1195   1815
   1740   1455   1740   1195   1740
   1815   1455   1815   1195   1815
   1195   1195   1195   1195   1195
   1815   1455   1815   1195   1815
   1815   1815   1815   1815   1310
   1815   1815   1815   1815   1310
   1815   1815   1590   1815   1085
   1815   1815   1815   1815   1310
   1310   1310   1085   1310   1130
   2085   1850   2085   1850   2085
   1850   1850   1850   1850   1850
   2085   1850   2085   1850   2085
   1850   1850   1850   1850   1850
   2085   1850   2085   1850   2085
   2085   1815   2085   1815   2085
   1815   1260   1590   1260   1590
   2085   1590   2085   1815   2085
   1530    890   1530   1530   1530
   2085   1590   2085   1815   2085
   1995   1850   1995   1850   1850
   1850   1850   1850   1850   1850
   1995   1850   1995   1850   1645
   1850   1850   1850   1850   1850
   1850   1850   1035   1850   1645
   2085   1400   2085   1400   2085
   1400   1400   1400   1400   1400
   2085   1400   2085   1290   2085
   1400   1400   1290   1290   1290
   2085   1400   2085   1290   2085
   1850   1850   1850   1850   1345
   1850   1850   1850   1850   1345
   1850   1850   1715   1850   1220
   1850   1850   1850   1850   1345
   1345   1345   1220   1345   1220
   2260   2165   2260   2165   2200
   2165   2165   2165   2165   2165
   2260   2165   2260   2165   2200
   2165   2165   2165   2165   2165
   2200   2165   2200   2165   2200
   2120   2120   1845   1845   1845
   2120   2120   1825   1845   1825
   1845   1825   1825   1845   1825
   1560   1560   1560   1560   1560
   1845   1825   1825   1845   1825
   2260   2165   2260   2165   2200
   2165   2165   2165   2165   2165
   2260   2165   2260   2165   2200
   2165   2165   2165   2165   2165
   2200   2165   2200   2165   2200
   2065   1780   2065   1085   2065
   2065   1780   2065   1085   2065
   2065   1780   1825   1085   1825
   1085   1085   1085   1085   1085
   2065   1780   1825   1085   1825
   2165   2165   1685   2165   1180
   2165   2165   1685   2165   1140
   1685   1685   1685   1685   1180
   2165   2165   1685   2165   1140
   1140   1140   1140   1140   1140
   2280   2185   2280   2185   2280
   1965   1965   1965   1965   1965
   2280   1965   2280   2185   2280
   2185   2185   2185   2185   2185
   2280   1965   2280   2185   2280
   2280   2185   2280   2185   2280
   1550   1550   1550   1550   1550
   2280   1550   2280   2185   2280
   1900   1900   1900   1900   1900
   2280   1550   2280   2185   2280
   2265   1830   2265   1830   1830
   1830   1830   1830   1830   1830
   2265   1830   2265   1830   1600
   1830   1830   1830   1830   1830
   1830   1830   1600   1830   1600
   2280   1680   2280   1680   2280
   1680   1680   1680   1680   1680
   2280   1680   2280   1505   2280
   1680   1680   1505   1505   1505
   2280   1680   2280   1505   2280
   1830   1830   1830   1830    615
   1830   1830   1830   1830    615
   1830   1830   1805   1830    615
   1830   1830   1830   1830    615
    615    615    615    615    615
   2280   2185   2280   2185   2280
   2165   2165   2165   2165   2165
   2280   2165   2280   2185   2280
   2185   2185   2185   2185   2185
   2280   2165   2280   2185   2280
   2280   2185   2280   2185   2280
   2120   2120   1825   1845   1825
   2280   1825   2280   2185   2280
   1900   1900   1900   1900   1900
   2280   1825   2280   2185   2280
   2265   2165   2265   2165   2200
   2165   2165   2165   2165   2165
   2265   2165   2265   2165   2200
   2165   2165   2165   2165   2165
   2200   2165   2200   2165   2200
   2280   1780   2280   1680   2280
   2065   1780   2065   1680   2065
   2280   1780   2280   1505   2280
   1680   1680   1505   1505   1505
   2280   1780   2280   1505   2280
   2165   2165   1850   2165   1345
   2165   2165   1850   2165   1345
   1850   1850   1805   1850   1220
   2165   2165   1850   2165   1345
   1345   1345   1220   1345   1220
   1675   1675   1675   1675   1675
   1675   1675   1675   1675   1675
   1675   1675   1625   1675   1625
   1675   1675   1675   1675   1675
   1675   1675   1625   1675   1625
   1675   1675   1675   1390   1675
   1675   1570   1570   1390   1570
   1675   1570   1625   1390   1625
   1390   1390   1390   1390   1390
   1675   1570   1625   1390   1625
   1625   1625   1625   1625   1450
   1625   1625   1625   1625   1450
   1625   1625   1575   1625   1450
   1625   1625   1625   1625   1450
   1450   1450   1450   1450   1450
   1675   1390   1675   1390   1675
   1390   1390   1390   1390   1390
   1675   1390   1625   1090   1625
   1390   1390   1090   1090   1090
   1675   1390   1625   1090   1625
   1625   1625   1450   1625    730
   1625   1625   1450   1625    730
   1450   1450   1450   1450    730
   1625   1625   1450   1625    730
    730    730    730    730    730
   1835   1835   1835   1835   1600
   1835   1835   1835   1835   1600
   1835   1835   1745   1835   1600
   1835   1835   1835   1835   1475
   1600   1600   1600   1475   1600
   1600   1600   1600   1150   1600
   1600   1340   1600   1150   1600
   1600   1600   1600   1150   1600
   1150   1150   1150   1150   1150
   1600   1600   1600   1150   1600
   1835   1835   1835   1835   1465
   1835   1835   1835   1835   1465
   1835   1835   1745   1835   1465
   1835   1835   1835   1835   1465
   1465   1465   1465   1465   1465
   1600   1280   1600   1040   1600
   1565   1280   1565   1040   1565
   1600   1280   1600   1040   1600
   1040   1040   1040   1040   1040
   1600   1280   1600   1040   1600
   1835   1835   1475   1835    970
   1835   1835   1395   1835    970
   1395   1395   1395   1395    890
   1835   1835   1395   1835    970
    970    970    970    970    970
   2085   2085   2085   2085   1850
   2085   2085   2085   2085   1850
   2085   2085   1995   2085   1850
   2085   2085   2085   2085   1725
   1850   1850   1850   1725   1850
   1850   1850   1850   1400   1850
   1850   1590   1850   1400   1850
   1850   1850   1850   1400   1850
   1400   1400   1400   1400   1400
   1850   1850   1850   1400   1850
   2085   2085   2085   2085   1715
   2085   2085   2085   2085   1715
   2085   2085   1995   2085   1715
   2085   2085   2085   2085   1715
   1715   1715   1715   1715   1715
   1850   1530   1850   1290   1850
   1815   1530   1815   1290   1815
   1850   1530   1850   1290   1850
   1290   1290   1290   1290   1290
   1850   1530   1850   1290   1850
   2085   2085   1725   2085   1220
   2085   2085   1645   2085   1220
   1645   1645   1645   1645   1140
   2085   2085   1645   2085   1220
   1220   1220   1220   1220   1220
   1925   1925   1925   1925   1925
   1925   1925   1925   1925   1925
   1925   1925   1875   1925   1875
   1925   1925   1925   1925   1925
   1925   1925   1875   1925   1875
   1925   1925   1925   1640   1925
   1925   1820   1820   1640   1820
   1925   1820   1875   1640   1875
   1640   1640   1640   1640   1640
   1925   1820   1875   1640   1875
   1875   1875   1875   1875   1700
   1875   1875   1875   1875   1700
   1875   1875   1825   1875   1700
   1875   1875   1875   1875   1700
   1700   1700   1700   1700   1700
   1925   1640   1925   1640   1925
   1640   1640   1640   1640   1640
   1925   1640   1875   1340   1875
   1640   1640   1340   1340   1340
   1925   1640   1875   1340   1875
   1875   1875   1700   1875    980
   1875   1875   1700   1875    980
   1700   1700   1700   1700    980
   1875   1875   1700   1875    980
    980    980    980    980    980
   1885   1885   1885   1815   1885
   1885   1870   1885   1815   1885
   1885   1885   1885   1815   1885
   1815   1815   1815   1815   1510
   1885   1885   1885   1510   1885
   1885   1885   1885   1225   1885
   1885   1870   1885   1225   1885
   1885   1885   1885   1225   1885
   1225   1225   1225   1225   1225
   1885   1885   1885   1225   1885
   1815   1815   1815   1815   1005
   1815   1815   1815   1815   1005
   1815   1815   1750   1815   1005
   1815   1815   1815   1815   1005
   1005   1005   1005   1005   1005
   1885   1020   1885    840   1885
   1305   1020   1305    840   1305
   1885   1020   1885    840   1885
    840    840    840    840    840
   1885   1020   1885    840   1885
   1815   1815   1375   1815    740
   1815   1815   1375   1815    740
   1375   1375   1375   1375    740
   1815   1815   1375   1815    740
    740    740    740    740    740
   2280   2185   2280   2185   2280
   2185   2120   2120   2185   2120
   2280   2120   2280   2185   2280
   2185   2185   2185   2185   2185
   2280   2120   2280   2185   2280
   2280   2185   2280   1900   2280
   2185   2120   2120   1900   2120
   2280   2120   2280   1900   2280
   1900   1900   1900   1900   1900
   2280   2120   2280   1900   2280
   2100   2100   2100   2100   1625
   2100   2100   2100   2100   1625
   2100   2100   1915   2100   1625
   2100   2100   2100   2100   1625
   1625   1625   1625   1625   1625
   2280   1680   2280   1280   2280
   1680   1680   1680   1280   1680
   2280   1680   2280   1280   2280
   1280   1280   1280   1280   1280
   2280   1680   2280   1280   2280
   2100   2100   1770   2100   1150
   2100   2100   1770   2100   1150
   1770   1770   1770   1770   1150
   2100   2100   1770   2100   1150
   1150   1150   1150   1150   1150
   2280   2185   2280   2185   2280
   2185   2120   2120   2185   2120
   2280   2120   2280   2185   2280
   2185   2185   2185   2185   2185
   2280   2120   2280   2185   2280
   2280   2185   2280   1900   2280
   2185   2120   2120   1900   2120
   2280   2120   2280   1900   2280
   1900   1900   1900   1900   1900
   2280   2120   2280   1900   2280
   2100   2100   2100   2100   1715
   2100   2100   2100   2100   1715
   2100   2100   1995   2100   1715
   2100   2100   2100   2100   1715
   1715   1715   1715   1715   1715
   2280   1680   2280   1640   2280
   1965   1680   1965   1640   1965
   2280   1680   2280   1340   2280
   1640   1640   1340   1340   1340
   2280   1680   2280   1340   2280
   2100   2100   1770   2100   1220
   2100   2100   1770   2100   1220
   1770   1770   1770   1770   1150
   2100   2100   1770   2100   1220
   1220   1220   1220   1220   1220
   1635   1635   1635   1635   1620
   1635   1635   1635   1635   1620
   1635   1635   1565   1635   1565
   1635   1635   1635   1635   1125
   1565   1565   1565   1125   1565
   1620   1620   1620   1055   1620
   1620   1620   1620   1055   1620
   1565   1565   1565   1055   1565
    770    770    770    770    770
   1565   1565   1565   1055   1565
   1635   1635   1635   1635   1125
   1635   1635   1635   1635   1125
   1635   1635   1500   1635   1125
   1635   1635   1635   1635   1125
   1125   1125   1125   1125   1125
   1565    975   1565    975   1565
    975    975    975    975    975
   1565    975   1565    590   1565
    975    975    590    590    590
   1565    975   1565    590   1565
   1635   1635    755   1635    490
   1635   1635    755   1635    490
    755    755    755    755    250
   1635   1635    755   1635    490
    490    490    250    490    490
   2010   1915   2010   1815   1915
   1915   1870   1915   1815   1915
   2010   1915   2010   1815   1915
   1815   1815   1815   1815   1815
   1915   1915   1915   1815   1915
   1915   1915   1915   1815   1915
   1915   1870   1915   1815   1915
   1915   1915   1915   1815   1915
   1530   1530   1530   1530   1530
   1915   1915   1915   1815   1915
   2010   1575   2010   1575   1435
   1575   1575   1575   1575   1435
   2010   1575   2010   1575   1435
   1575   1575   1575   1575   1435
   1435   1435   1435   1435   1435
   1915   1310   1915    835   1915
   1595   1310   1595    835   1595
   1915   1310   1915    835   1915
    835    835    835    835    835
   1915   1310   1915    835   1915
   1950   1575   1950   1575    890
   1575   1575   1575   1575    890
   1950   1575   1950   1575    890
   1575   1575   1575   1575    890
    890    890    890    890    890
   2260   2165   2260   2065   2165
   2165   2120   2165   2065   2165
   2260   2165   2260   2065   2165
   2065   2065   2065   2065   2065
   2165   2165   2165   2065   2165
   2165   2165   2165   2065   2165
   2165   2120   2165   2065   2165
   2165   2165   2165   2065   2165
   1780   1780   1780   1780   1780
   2165   2165   2165   2065   2165
   2260   1825   2260   1825   1685
   1825   1825   1825   1825   1685
   2260   1825   2260   1825   1685
   1825   1825   1825   1825   1685
   1685   1685   1685   1685   1685
   2165   1560   2165   1085   2165
   1845   1560   1845   1085   1845
   2165   1560   2165   1085   2165
   1085   1085   1085   1085   1085
   2165   1560   2165   1085   2165
   2200   1825   2200   1825   1140
   1825   1825   1825   1825   1140
   2200   1825   2200   1825   1140
   1825   1825   1825   1825   1140
   1140   1140   1140   1140   1140
   1885   1885   1885   1885   1870
   1885   1885   1885   1885   1870
   1885   1885   1815   1885   1815
   1885   1885   1885   1885   1375
   1815   1815   1815   1375   1815
   1870   1870   1870   1305   1870
   1870   1870   1870   1305   1870
   1815   1815   1815   1305   1815
   1020   1020   1020   1020   1020
   1815   1815   1815   1305   1815
   1885   1885   1885   1885   1375
   1885   1885   1885   1885   1375
   1885   1885   1750   1885   1375
   1885   1885   1885   1885   1375
   1375   1375   1375   1375   1375
   1815   1225   1815   1225   1815
   1225   1225   1225   1225   1225
   1815   1225   1815    840   1815
   1225   1225    840    840    840
   1815   1225   1815    840   1815
   1885   1885   1005   1885    740
   1885   1885   1005   1885    740
   1005   1005   1005   1005    500
   1885   1885   1005   1885    740
    740    740    500    740    740
   2110   2110   2110   2110   2110
   2110   2110   2110   2110   2110
   2110   2110   2110   2110   2110
   2110   2110   2110   2110   2110
   2110   2110   2110   2110   2110
   2110   2110   2110   1975   2110
   2110   1865   2110   1975   1865
   2110   2110   2110   1975   2110
   1690   1690   1690   1690   1690
   2110   2110   2110   1975   2110
   2110   2110   2110   2110   1835
   2110   2110   2110   2110   1835
   2110   2110   1995   2110   1835
   2110   2110   2110   2110   1835
   1835   1835   1835   1835   1835
   2110   1690   2110   1690   2110
   1975   1690   1975   1690   1975
   2110   1690   2110   1540   2110
   1690   1690   1540   1540   1540
   2110   1690   2110   1540   2110
   2110   2110   1835   2110   1605
   2110   2110   1835   2110   1605
   1835   1835   1835   1835   1330
   2110   2110   1835   2110   1605
   1605   1605   1330   1605   1400
   2355   2265   2355   2155   2265
   2265   2265   2265   2155   2265
   2355   2265   2355   2155   1695
   2155   2155   2155   2155   2155
   2265   2265   1695   2155   1695
   2265   2265   2265   2155   2265
   2265   2265   2265   2155   2265
   2265   2265   1695   2155   1695
   1870   1870   1870   1870   1870
   2265   2265   1695   2155   1695
   2355   2140   2355   2140   2140
   2140   2140   2140   2140   2140
   2355   2140   2355   2140   1540
   2140   2140   2140   2140   2140
   1540   1540   1540   1540   1540
   1710   1425   1710   1425   1710
   1425   1425   1425   1425   1425
   1710   1425   1695   1415   1695
   1425   1425   1415   1415   1415
   1710   1425   1695   1415   1695
   2140   2140   2140   2140    875
   2140   2140   2140   2140    875
   2140   2140   1795   2140    875
   2140   2140   2140   2140    875
    875    875    875    875    875
   2355   2265   2355   2155   2265
   2265   2265   2265   2155   2265
   2355   2265   2355   2155   2165
   2155   2155   2155   2155   2155
   2265   2265   2165   2155   2165
   2265   2265   2265   2155   2265
   2265   2265   2265   2155   2265
   2265   2265   2165   2155   2165
   1870   1870   1870   1870   1870
   2265   2265   2165   2155   2165
   2355   2140   2355   2140   2140
   2140   2140   2140   2140   2140
   2355   2140   2355   2140   1835
   2140   2140   2140   2140   2140
   1835   1835   1835   1835   1835
   2165   1690   2165   1690   2165
   1975   1690   1975   1690   1975
   2165   1690   2165   1540   2165
   1690   1690   1540   1540   1540
   2165   1690   2165   1540   2165
   2200   2140   2200   2140   1605
   2140   2140   2140   2140   1605
   2200   2140   2200   2140   1330
   2140   2140   2140   2140   1605
   1605   1605   1330   1605   1400
   2030   2030   2030   2030   1935
   2030   2030   2030   2030   1935
   2030   2030   1850   2030   1850
   2030   2030   2030   2030   1715
   1935   1935   1850   1715   1850
   1870   1870   1870   1430   1870
   1870   1870   1870   1430   1870
   1850   1850   1850   1430   1850
   1430   1430   1430   1430   1430
   1850   1850   1850   1430   1850
   2030   2030   2030   2030   1520
   2030   2030   2030   2030   1520
   2030   2030   1665   2030   1520
   2030   2030   2030   2030   1520
   1520   1520   1520   1520   1520
   1935   1650   1935   1030   1935
   1650   1650   1650   1030   1650
   1935   1650   1850   1030   1850
   1030   1030   1030   1030   1030
   1935   1650   1850   1030   1850
   2030   2030   1405   2030    900
   2030   2030   1375   2030    900
   1405   1375   1375   1375    900
   2030   2030   1375   2030    900
    900    900    900    900    900
   2030   2030   2030   2030   2030
   2030   2030   2030   2030   2030
   2030   2030   2015   2030   2015
   2030   2030   2030   2030   2030
   2030   2030   1580   2030   1580
   1715   1715   1715   1430   1715
   1715   1300   1300   1430   1300
   1715   1300   1580   1430   1580
   1430   1430   1430   1430   1430
   1715   1300   1580   1430   1580
   2030   2030   2030   2030   2030
   2030   2030   2030   2030   2030
   2030   2030   2015   2030   2015
   2030   2030   2030   2030   2030
   2030   2030   1555   2030   1555
   1935   1650   1935   1255   1935
   1935   1650   1935   1255   1935
   1935   1650   1580   1255   1580
   1255   1255   1255   1255   1255
   1935   1650   1580   1255   1580
   2030   2030   1350   2030    365
   2030   2030   1350   2030    365
   1350   1350   1350   1350    365
   2030   2030   1350   2030    365
    365    365    365    365    365
   2280   2280   2280   2280   2280
   2280   2280   2280   2280   2280
   2280   2280   2265   2280   2265
   2280   2280   2280   2280   2280
   2280   2280   1830   2280   1830
   1965   1965   1965   1680   1965
   1965   1550   1550   1680   1550
   1965   1550   1830   1680   1830
   1680   1680   1680   1680   1680
   1965   1550   1830   1680   1830
   2280   2280   2280   2280   2280
   2280   2280   2280   2280   2280
   2280   2280   2265   2280   2265
   2280   2280   2280   2280   2280
   2280   2280   1805   2280   1805
   2185   1900   2185   1505   2185
   2185   1900   2185   1505   2185
   2185   1900   1830   1505   1830
   1505   1505   1505   1505   1505
   2185   1900   1830   1505   1830
   2280   2280   1600   2280    615
   2280   2280   1600   2280    615
   1600   1600   1600   1600    615
   2280   2280   1600   2280    615
    615    615    615    615    615
   2280   2280   2280   2280   2185
   2280   2280   2280   2280   2185
   2280   2280   2100   2280   2100
   2280   2280   2280   2280   1965
   2185   2185   2100   1965   2100
   2120   2120   2120   1680   2120
   2120   2120   2120   1680   2120
   2100   2100   2100   1680   2100
   1680   1680   1680   1680   1680
   2100   2100   2100   1680   2100
   2280   2280   2280   2280   1770
   2280   2280   2280   2280   1770
   2280   2280   1915   2280   1770
   2280   2280   2280   2280   1770
   1770   1770   1770   1770   1770
   2185   1900   2185   1280   2185
   1900   1900   1900   1280   1900
   2185   1900   2100   1280   2100
   1280   1280   1280   1280   1280
   2185   1900   2100   1280   2100
   2280   2280   1655   2280   1150
   2280   2280   1625   2280   1150
   1655   1625   1625   1625   1150
   2280   2280   1625   2280   1150
   1150   1150   1150   1150   1150
   2355   2265   2355   1795   2155
   2265   2265   2155   1710   2155
   2355   2155   2355   1710   2140
   1795   1710   1710   1710   1795
   2155   2155   2140   1795   2140
   2265   2265   2140   1425   2140
   2265   2265   2140   1425   2140
   2140   2140   2140   1425   2140
   1425   1425   1425   1425   1425
   2140   2140   2140   1425   2140
   2355   1795   2355   1795   1795
   1795   1695   1695   1695   1795
   2355   1695   2355   1695   1795
   1795   1695   1695   1695   1795
   1795   1795   1795   1795   1795
   2155   1870   2155   1415   2155
   2155   1870   2155   1415   2155
   2155   1870   2140   1415   2140
   1415   1415   1415   1415   1415
   2155   1870   2140   1415   2140
   1695   1695   1540   1695    875
   1695   1695   1540   1695    875
   1540   1540   1540   1540    875
   1695   1695   1540   1695    875
    875    875    875    875    875
   2490   2335   2490   2335   2335
   2335   2335   2335   2335   2225
   2490   2335   2490   2335   2335
   2335   2335   2335   2335   2215
   2335   2225   2335   2215   2335
   2335   2225   2335   1930   2335
   2225   2225   2225   1930   2225
   2335   2225   2335   1930   2335
   1930   1930   1930   1930   1930
   2335   2225   2335   1930   2335
   2490   2335   2490   2335   1745
   2335   2335   2335   2335   1745
   2490   2335   2490   2335   1745
   2335   2335   2335   2335   1745
   1745   1745   1745   1745   1745
   2335   1930   2335   1930   2335
   1930   1930   1930   1930   1930
   2335   1930   2335   1755   2335
   1930   1930   1755   1755   1755
   2335   1930   2335   1755   2335
   2335   2335   1745   2335   1425
   2335   2335   1745   2335   1425
   1745   1745   1745   1745   1240
   2335   2335   1745   2335   1425
   1425   1425   1240   1425   1425
   2490   2335   2490   2335   2335
   2335   2335   2335   2335   2280
   2490   2335   2490   2335   2335
   2335   2335   2335   2335   2280
   2335   2280   2335   2280   2335
   2335   2265   2335   1930   2335
   2265   2265   2225   1930   2225
   2335   2225   2335   1930   2335
   1930   1930   1930   1930   1930
   2335   2225   2335   1930   2335
   2490   2335   2490   2335   2280
   2335   2335   2335   2335   2280
   2490   2335   2490   2335   2265
   2335   2335   2335   2335   2280
   2280   2280   1805   2280   1805
   2335   1930   2335   1930   2335
   2215   1930   2215   1930   2215
   2335   1930   2335   1755   2335
   1930   1930   1755   1755   1755
   2335   1930   2335   1755   2335
   2335   2335   1745   2335   1425
   2335   2335   1745   2335   1425
   1745   1745   1745   1745   1240
   2335   2335   1745   2335   1425
   1425   1425   1240   1425   1425
   2030   2030   2030   2030   1935
   2030   2030   2030   2030   1935
   2030   2030   1850   2030   1850
   2030   2030   2030   2030   1715
   1935   1935   1850   1715   1850
   1870   1870   1870   1715   1870
   1870   1870   1870   1715   1870
   1850   1850   1850   1715   1850
   1430   1430   1430   1430   1430
   1850   1850   1850   1715   1850
   2030   2030   2030   2030   1600
   2030   2030   2030   2030   1600
   2030   2030   1745   2030   1520
   2030   2030   2030   2030   1600
   1600   1600   1520   1600   1520
   1935   1650   1935   1390   1935
   1650   1650   1650   1390   1650
   1935   1650   1850   1090   1850
   1390   1390   1090   1090   1090
   1935   1650   1850   1090   1850
   2030   2030   1600   2030   1095
   2030   2030   1600   2030   1095
   1600   1600   1465   1600    970
   2030   2030   1600   2030   1095
   1095   1095    970   1095    970
   2030   2030   2030   2030   2030
   2030   2030   2030   2030   2030
   2030   2030   2015   2030   2015
   2030   2030   2030   2030   2030
   2030   2030   1915   2030   1915
   1915   1915   1915   1815   1915
   1915   1870   1915   1815   1915
   1915   1915   1915   1815   1915
   1530   1530   1530   1530   1530
   1915   1915   1915   1815   1915
   2030   2030   2030   2030   2030
   2030   2030   2030   2030   2030
   2030   2030   2015   2030   2015
   2030   2030   2030   2030   2030
   2030   2030   1555   2030   1555
   1935   1650   1935   1255   1935
   1935   1650   1935   1255   1935
   1935   1650   1915   1255   1915
   1255   1255   1255   1255   1255
   1935   1650   1915   1255   1915
   2030   2030   1950   2030   1060
   2030   2030   1575   2030   1060
   1950   1575   1950   1575    890
   2030   2030   1575   2030   1060
   1060   1060    970   1060    970
   2280   2280   2280   2280   2280
   2280   2280   2280   2280   2280
   2280   2280   2265   2280   2265
   2280   2280   2280   2280   2280
   2280   2280   2165   2280   2165
   2165   2165   2165   2065   2165
   2165   2120   2165   2065   2165
   2165   2165   2165   2065   2165
   1780   1780   1780   1780   1780
   2165   2165   2165   2065   2165
   2280   2280   2280   2280   2280
   2280   2280   2280   2280   2280
   2280   2280   2265   2280   2265
   2280   2280   2280   2280   2280
   2280   2280   1805   2280   1805
   2185   1900   2185   1505   2185
   2185   1900   2185   1505   2185
   2185   1900   2165   1505   2165
   1505   1505   1505   1505   1505
   2185   1900   2165   1505   2165
   2280   2280   2200   2280   1310
   2280   2280   1825   2280   1310
   2200   1825   2200   1825   1140
   2280   2280   1825   2280   1310
   1310   1310   1220   1310   1220
   2280   2280   2280   2280   2185
   2280   2280   2280   2280   2185
   2280   2280   2100   2280   2100
   2280   2280   2280   2280   1965
   2185   2185   2100   1965   2100
   2120   2120   2120   1965   2120
   2120   2120   2120   1965   2120
   2100   2100   2100   1965   2100
   1680   1680   1680   1680   1680
   2100   2100   2100   1965   2100
   2280   2280   2280   2280   1850
   2280   2280   2280   2280   1850
   2280   2280   1995   2280   1770
   2280   2280   2280   2280   1850
   1850   1850   1770   1850   1770
   2185   1900   2185   1640   2185
   1900   1900   1900   1640   1900
   2185   1900   2100   1340   2100
   1640   1640   1340   1340   1340
   2185   1900   2100   1340   2100
   2280   2280   1850   2280   1345
   2280   2280   1850   2280   1345
   1850   1850   1715   1850   1220
   2280   2280   1850   2280   1345
   1345   1345   1220   1345   1220
   2355   2265   2355   2165   2200
   2265   2265   2165   2165   2165
   2355   2165   2355   2165   2200
   2165   2165   2165   2165   2165
   2200   2165   2200   2165   2200
   2265   2265   2140   1975   2140
   2265   2265   2140   1975   2140
   2140   2140   2140   1975   2140
   1690   1690   1690   1690   1690
   2140   2140   2140   1975   2140
   2355   2165   2355   2165   2200
   2165   2165   2165   2165   2165
   2355   2165   2355   2165   2200
   2165   2165   2165   2165   2165
   2200   2165   2200   2165   2200
   2155   1870   2155   1690   2155
   2155   1870   2155   1690   2155
   2155   1870   2140   1540   2140
   1690   1690   1540   1540   1540
   2155   1870   2140   1540   2140
   2165   2165   1835   2165   1605
   2165   2165   1835   2165   1605
   1835   1835   1835   1835   1330
   2165   2165   1835   2165   1605
   1605   1605   1330   1605   1400
   2490   2335   2490   2335   2335
   2335   2335   2335   2335   2265
   2490   2335   2490   2335   2335
   2335   2335   2335   2335   2215
   2335   2265   2335   2215   2335
   2335   2265   2335   2215   2335
   2265   2265   2265   2215   2265
   2335   2265   2335   2215   2335
   1930   1930   1930   1930   1930
   2335   2265   2335   2215   2335
   2490   2335   2490   2335   2140
   2335   2335   2335   2335   2140
   2490   2335   2490   2335   1745
   2335   2335   2335   2335   2140
   1830   1830   1745   1830   1745
   2335   1930   2335   1930   2335
   1930   1930   1930   1930   1930
   2335   1930   2335   1755   2335
   1930   1930   1755   1755   1755
   2335   1930   2335   1755   2335
   2335   2335   2140   2335   1425
   2335   2335   2140   2335   1425
   2140   2140   1805   2140   1240
   2335   2335   2140   2335   1425
   1425   1425   1240   1425   1425
   2490   2335   2490   2335   2335
   2335   2335   2335   2335   2280
   2490   2335   2490   2335   2335
   2335   2335   2335   2335   2280
   2335   2280   2335   2280   2335
   2335   2265   2335   2215   2335
   2265   2265   2265   2215   2265
   2335   2265   2335   2215   2335
   1930   1930   1930   1930   1930
   2335   2265   2335   2215   2335
   2490   2335   2490   2335   2280
   2335   2335   2335   2335   2280
   2490   2335   2490   2335   2265
   2335   2335   2335   2335   2280
   2280   2280   2200   2280   2200
   2335   1930   2335   1930   2335
   2215   1930   2215   1930   2215
   2335   1930   2335   1755   2335
   1930   1930   1755   1755   1755
   2335   1930   2335   1755   2335
   2335   2335   2200   2335   1605
   2335   2335   2140   2335   1605
   2200   2140   2200   2140   1330
   2335   2335   2140   2335   1605
   1605   1605   1330   1605   1425

# int22
    115    150     70    165
    125    160     85    175
     70    105     30    120
    150    185    110    200
    150    185    105    200
    150    185    140    200
    130    165     85    180
    135    170    120    185
     70    105     30    120
    120    155     80    170
     45     80     65     95
    140    175    100    190
    165    200    120    215
    135    170    120    185
    160    195    115    210
    110    115     40    130
    125    150    120    135
    140    165    135    145
     85    140     80    120
    165    190    160    170
    160    185    155    170
    165    190    160    170
    140    165    135    150
    145    170    140    155
     85    140     80    120
    135    160    130    140
     55     80     50     65
    155    180    150    160
    175    200    170    185
    145    170    140    155
    170    195    165    180
     90    115     85    100
     70    130     45    160
     85    140     55    170
     30     85     65    115
    110    165     80    195
    105    165     80    195
    140    165     80    195
     85    145     60    175
    120    150     65    180
     30     85     65    115
     80    135     50    165
     65     60    105     90
    100    155     70    185
    120    180     95    210
    120    150     65    180
    115    175     90    205
     40     95     75    125
    150    135    140    110
    165    145    155     90
    110    120    100     40
    190    170    180    115
    185    170    175    115
    190    170    180    115
    165    150    155     95
    170    155    160    100
    110    120    100     40
    160    140    150     85
     80     65     70     75
    180    160    170    105
    200    185    190    130
    170    155    160    100
    195    180    185    125
    115    100    105     45
    115     95     55    165
    120    155     35    170
     40     75    -20     70
    140    175     95    190
    115    105     20    165
    130    165     50    180
    115    150     75    165
    125    160    110    175
     75     85     25    100
     95    130     50    145
     40     55     60     90
    140    175     95    190
    130    165     90    180
    125    160    115    175
    140    175    100    190
    135     75    110    125
    130    185    125    135
    130    155    125    140
     35    115     30     70
    150    175    145    160
    135    185    125    135
    140    165    135    150
    130    155    125    135
    135    160    130    170
    105    115     60    100
    105    130    100    115
     50     75     45     80
    150    175    145    160
    145    170    140    150
    140    165    135    145
    155    180    150    160
     65     80     85     85
     45    130     50    160
     50    135     50    165
    -25     35     15     65
     95    155     70    185
    105    130     45    160
    115    145     60    175
     75    130     45    160
    110    140     85    170
     35     65     45     95
     50    110     25    140
     45     55    100     85
     95    155     70    185
     90    145     60    175
    115    140     50    170
    100    155     70    185
    110     90    135    120
    155    135    145    125
    155    140    145     85
     60     70     50     85
    175    160    165    105
    155    135    145     85
    165    150    155     95
    155    135    145     80
    160    145    150     90
     90     95     80    130
    130    115    120     60
     75     40     65     95
    175    160    165    105
    170    150    160     95
    165    145    155     90
    180    160    170    105
    115     95    105     35
    215    245    170    260
    210    245    165    260
    155    190    110    205
    220    255    175    270
    210    245    165    260
    210    245    195    260
    200    235    155    250
    210    245    195    260
    175    210    130    225
    200    235    155    250
    130    165    150    180
    220    255    175    270
    210    245    165    260
    210    245    195    260
    220    255    175    270
    240    245    165    260
    225    250    220    230
    220    245    215    230
    165    220    160    205
    230    255    225    240
    220    245    215    230
    220    245    215    230
    210    235    205    220
    220    245    215    230
    185    240    180    225
    210    235    205    220
    140    165    135    150
    230    255    225    240
    220    245    215    230
    220    245    215    230
    230    255    225    240
    220    245    215    230
    170    225    140    255
    165    225    140    255
    110    170    150    200
    175    235    150    265
    165    225    140    255
    195    225    140    255
    155    215    130    245
    195    225    140    255
    130    190    170    220
    155    215    130    245
    150    145    190    175
    175    235    150    265
    165    225    140    255
    195    225    140    255
    175    235    150    265
    165    225    205    255
    250    230    240    205
    245    230    235    175
    190    205    180    120
    255    240    245    185
    245    230    235    175
    245    230    235    175
    235    220    225    165
    245    230    235    175
    210    225    200    140
    235    220    225    165
    165    150    155    160
    255    240    245    185
    245    230    235    175
    245    230    235    175
    255    240    245    185
    245    230    235    175
    160    195    120    210
    195    230    150    245
    110    145     70    160
    205    240    160    255
    195    230    150    245
    195    230    180    245
    180    215    135    230
    195    230    180    245
    195    230    150    245
    190    225    145    240
    115    150    135    165
    205    240    160    255
    205    240    160    255
    195    230    180    245
    205    240    160    255
    225    230    150    245
    175    200    170    180
    205    230    200    215
    125    180    120    160
    215    240    210    225
    205    230    200    215
    205    230    200    215
    190    215    185    200
    205    230    200    215
    205    260    200    245
    200    225    195    210
    125    150    120    135
    215    240    210    225
    215    240    210    225
    205    230    200    215
    215    240    210    225
    205    230    200    215
    120    175     90    205
    150    210    125    240
     70    125    105    155
    160    220    135    250
    150    210    125    240
    180    210    125    240
    135    195    110    225
    180    210    125    240
    150    210    190    240
    145    205    120    235
    135    130    175    160
    160    220    135    250
    160    220    135    250
    180    210    125    240
    160    220    135    250
    150    210    190    240
    200    180    190    155
    230    215    220    160
    150    160    140     80
    240    225    230    170
    230    215    220    160
    230    215    220    160
    215    200    205    145
    230    215    220    160
    230    245    220    160
    225    210    215    155
    150    135    140    145
    240    225    230    170
    240    225    230    170
    230    215    220    160
    240    225    230    170
    230    215    220    160
    170    205    125    220
    165    200    125    215
    110    145     70    160
    190    225    150    240
    170    205    130    220
    180    215    165    230
    185    220    145    235
    175    210    160    225
    145    180    105    195
    170    205    130    220
     85    120    110    135
    190    225    150    240
    195    230    155    245
    175    210    160    225
    195    230    155    245
    150    155     80    170
    180    205    175    190
    180    205    175    185
    125    180    120    160
    205    230    200    210
    185    210    180    190
    190    215    185    200
    200    225    195    205
    185    210    180    195
    160    215    155    195
    185    210    180    190
    100    125     95    105
    205    230    200    210
    210    235    205    215
    185    210    180    195
    210    235    205    215
    130    155    125    140
    125    185    100    215
    125    180     95    210
     70    125    105    155
    150    205    120    235
    130    185    100    215
    165    195    110    225
    145    200    115    230
    160    190    105    220
    105    160    140    190
    130    185    100    215
    110    100    145    130
    150    205    120    235
    155    210    125    240
    160    190    105    220
    155    210    125    240
     80    135    115    165
    205    190    195    165
    205    185    195    130
    150    160    140     80
    230    210    220    155
    210    190    200    135
    215    200    205    145
    225    205    215    150
    210    195    200    140
    185    195    175    110
    210    190    200    135
    125    105    115    115
    230    210    220    155
    235    215    225    160
    210    195    200    140
    235    215    225    160
    155    140    145     85
    175    210    130    225
    155    190    115    205
    120    155     80    170
    180    215    140    230
    180    215    135    230
    190    225    175    240
    205    240    160    255
    185    220    170    235
    125    160     85    175
    155    190    115    205
     95    130    120    145
    175    210    135    225
    205    240    160    255
    170    205    155    220
    205    240    160    255
    160    165     90    180
    185    210    180    195
    170    195    165    175
    135    190    130    170
    195    220    190    200
    190    215    185    200
    200    225    195    210
    215    240    210    225
    195    220    190    205
    140    195    135    175
    170    195    165    175
    110    135    105    115
    190    215    185    195
    215    240    210    225
    180    205    175    190
    215    240    210    225
    145    170    140    150
    130    190    105    220
    115    170     85    200
     80    135    115    165
    140    195    110    225
    135    195    110    225
    175    205    120    235
    160    220    135    250
    170    200    115    230
     85    140    120    170
    115    170     85    200
    120    110    155    140
    135    190    105    220
    160    220    135    250
    155    185    100    215
    160    220    135    250
     90    145    125    175
    210    195    200    170
    195    175    185    120
    160    170    150     85
    220    200    210    145
    215    200    205    145
    225    210    215    155
    240    225    230    170
    220    205    210    150
    165    175    155     90
    195    175    185    120
    135    115    125    125
    215    195    205    140
    240    225    230    170
    205    190    195    135
    240    225    230    170
    170    150    160     95
    115    115     75    130
    130    135    105    145
     45    105     35     90
    155    155     90    170
     95    105     85    165
    185    185    115    170
    130    130     65    145
    135    135     95    150
     55     20     25     90
    125    125     60    140
     50     45     45     60
    145    145     80    160
    165    165    100    180
    135    135    100    150
    160    160     95    175
    125     85    130     95
    120    130     95    125
    130    140    105    140
     50    115     50    115
    155    165    130    165
    155    165    130    160
    155    165    130    165
    135    145    110    140
    140    150    115    145
     35     50     50    115
    125    135    100    135
     50     60     25     50
    145    155    120    155
    170    180    145    175
    140    150    115    145
    165    175    140    170
     85     95     60     90
     40    115     40    140
     35    130     50    155
    -25     75     45    100
     60    155     75    180
     75    150     55    175
    115    155     75    180
     35    130     55    155
     70    135     40    160
    -20     75     60    100
     30    125     45    150
     15     45    100     70
     50    145     65    170
     70    165     90    190
     70    135     80    160
     65    160     85    185
     85     80     95    105
    140    125    140    135
    150    135    150     65
     95    110     95    110
    175    160    175    115
    175    160    175     75
    175    160    175     80
    155    140    155     90
    160    145    160     95
     95    110     95    110
    145    130    145     85
     70     85     70    135
    165    150    165    105
    190    175    190    125
    160    170    160     85
    185    170    185    120
    105     90    105     35
    120    120     55    135
    120    120     60    135
     25     25    -40     40
    140    140     80    155
    120    120     55    135
    130    130    100    145
    120    120     55    135
    125    125     95    140
     55     55    -10     70
     95     95     35    110
     40     40     45     55
    140    140     80    155
    135    135     70    150
    130    130     95    145
    145    145     80    160
    110     80     15     95
    120    130     95    130
    125    135    100    130
     25     65      0     65
    145    155    120    150
    120    130     95    130
    135    145    110    140
    120    130     95    130
    130    140    105    135
     60    100     35     95
    100    110     75    105
     45     55     20     50
    145    155    120    150
    135    145    110    145
    130    140    105    140
    145    155    120    155
     80     90     55     90
     25    120     40    145
     25    120     45    145
    -75     25     10     50
     45    140     65    165
     25    120     40    145
     65    130     55    155
     25    120     40    145
     60    125     50    150
    -40     55     45     80
      0     95     20    120
     10     40     95     65
     45    140     65    165
     40    135     55    160
     65    130     50    155
     50    145     65    170
    -15     80     65    105
    140    125    140    110
    145    130    145     80
     45     60     45    -15
    165    150    165    100
    140    125    140     80
    155    140    155     90
    140    125    140     80
    150    135    150     85
     80     95     80     15
    120    105    120     55
     65     50     65     65
    165    150    165    100
    155    140    155     95
    150    135    150     90
    165    150    165    105
    100     85    100     40
    215    215    150    230
    210    210    145    225
    155    155     90    170
    220    220    155    235
    210    210    145    225
    210    210    175    225
    200    200    135    215
    210    210    175    225
    175    175    110    190
    200    200    135    215
    130    130    130    145
    220    220    155    235
    210    210    145    225
    210    210    175    225
    220    220    155    235
    240    210    145    225
    215    225    190    225
    215    225    190    220
    160    200    135    195
    225    235    200    230
    215    225    190    220
    215    225    190    220
    205    215    180    210
    215    225    190    220
    180    220    155    215
    205    215    180    210
    135    145    110    140
    225    235    200    230
    215    225    190    220
    215    225    190    220
    225    235    200    230
    215    225    190    220
    115    215    135    240
    115    210    135    235
     60    155    145    180
    125    220    145    245
    115    210    135    235
    145    210    135    235
    105    200    125    225
    145    210    135    235
     80    175    165    200
    105    200    125    225
    100    130    185    155
    125    220    145    245
    115    210    135    235
    145    210    135    235
    125    220    145    245
    115    210    200    235
    235    220    235    205
    235    220    235    170
    180    195    180    115
    245    230    245    180
    235    220    235    170
    235    220    235    170
    225    210    225    160
    235    220    235    170
    200    215    200    135
    225    210    225    160
    155    140    155    155
    245    230    245    180
    235    220    235    170
    235    220    235    170
    245    230    245    180
    235    220    235    170
    170    165    100    180
    195    195    130    210
    115    115     50    130
    205    205    140    220
    195    195    130    210
    195    195    160    210
    180    180    115    195
    195    195    160    210
    195    195    130    210
    190    190    125    205
    115    115    115    130
    205    205    140    220
    205    205    140    220
    195    195    160    210
    205    205    140    220
    225    195    130    210
    165    175    140    175
    200    210    175    205
    115    155     90    155
    210    220    185    215
    200    210    175    205
    200    210    175    205
    185    195    160    190
    200    210    175    205
    200    240    175    235
    195    205    170    200
    120    130     95    125
    210    220    185    215
    210    220    185    215
    200    210    175    205
    210    220    185    215
    200    210    175    205
     70    165     85    190
    100    195    120    220
     20    115    100    140
    110    205    130    230
    100    195    120    220
    130    195    120    220
     85    180    105    205
    130    195    120    220
    100    195    185    220
     95    190    115    215
     85    115    170    140
    110    205    130    230
    110    205    130    230
    130    195    120    220
    110    205    130    230
    100    195    185    220
    185    170    185    155
    220    205    220    155
    135    150    135     75
    230    215    230    165
    220    205    220    155
    220    205    220    155
    205    190    205    140
    220    205    220    155
    220    235    220    155
    215    200    215    150
    140    125    140    140
    230    215    230    165
    230    215    230    165
    220    205    220    155
    230    215    230    165
    220    205    220    155
    170    170    105    185
    170    170    105    185
    115    115     50    130
    195    195    130    210
    175    175    110    190
    180    180    145    195
    190    190    125    205
    175    175    140    190
    150    150     85    165
    175    175    110    190
     90     90     90    105
    195    195    130    210
    200    200    135    215
    175    175    140    190
    200    200    135    215
    150    120     60    135
    175    185    150    180
    170    180    145    180
    115    155     90    155
    195    205    170    205
    175    185    150    185
    185    195    160    190
    190    200    165    200
    180    190    155    185
    150    190    125    190
    175    185    150    185
     90    100     65    100
    195    205    170    205
    200    210    175    210
    180    190    155    185
    200    210    175    210
    125    135    100    130
     75    170     95    195
     75    170     90    195
     20    115    100    140
    100    195    115    220
     80    175     95    200
    115    180    105    205
     95    190    110    215
    110    175    100    200
     55    150    135    175
     80    175     95    200
     60     90    140    115
    100    195    115    220
    105    200    120    225
    110    175    100    200
    105    200    120    225
     25    120    110    145
    195    180    195    160
    190    175    190    130
    135    150    135     75
    215    200    215    155
    195    180    195    135
    205    190    205    140
    210    195    210    150
    200    185    200    135
    170    185    170    110
    195    180    195    135
    110     95    110    115
    215    200    215    155
    220    205    220    160
    200    185    200    135
    220    205    220    160
    145    130    145     80
    175    175    110    190
    160    160     95    175
    125    125     60    140
    185    185    120    200
    180    180    115    195
    190    190    155    205
    205    205    140    220
    185    185    150    200
    130    130     65    145
    160    160     95    175
    100    100    100    115
    180    180    115    195
    205    205    140    220
    170    170    135    185
    205    205    140    220
    165    135     70    150
    180    190    155    185
    160    170    135    170
    125    165    100    165
    185    195    160    195
    185    195    160    190
    195    205    170    200
    210    220    185    215
    190    200    165    195
    130    170    105    170
    160    170    135    170
    100    110     75    110
    180    190    155    190
    210    220    185    215
    175    185    150    180
    210    220    185    215
    135    145    110    145
     80    175    100    200
     65    160     80    185
     30    125    110    150
     90    185    105    210
     85    180    105    205
    125    190    115    215
    110    205    130    230
    120    185    110    210
     35    130    115    155
     65    160     80    185
     70    100    150    125
     85    180    100    205
    110    205    130    230
    105    170     95    195
    110    205    130    230
     40    135    120    160
    200    185    200    165
    180    165    180    120
    145    160    145     85
    205    190    205    145
    205    190    205    140
    215    200    215    150
    230    215    230    165
    210    195    210    145
    150    165    150     90
    180    165    180    120
    120    105    120    125
    200    185    200    140
    230    215    230    165
    195    180    195    130
    230    215    230    165
    155    140    155     95
    215    210    175    210
    225    220    185    220
    170    165    130    165
    250    245    210    245
    245    245    210    245
    250    245    240    245
    225    225    190    225
    230    230    225    230
    170    165    130    165
    220    215    180    215
    140    140    170    140
    240    235    200    235
    260    260    225    260
    230    230    225    230
    255    255    220    255
    205    175    140    175
    210    210    200    210
    220    220    210    220
    165    195    155    195
    245    245    235    245
    245    245    235    245
    245    245    235    245
    225    225    215    225
    230    230    220    230
    165    195    155    195
    215    215    205    215
    140    140    130    140
    235    235    225    235
    260    260    250    260
    230    230    220    230
    255    255    245    255
    175    175    165    175
    155    200    130    220
    165    210    140    230
    110    155    150    175
    190    235    165    255
    190    235    165    255
    220    235    165    255
    170    215    145    235
    205    220    150    240
    110    155    150    175
    160    205    135    225
    150    130    190    150
    180    225    155    245
    205    250    180    270
    205    220    150    240
    200    245    175    265
    120    165    160    185
    220    210    220    240
    230    220    230    220
    175    195    175    165
    255    245    255    245
    255    245    255    245
    255    245    255    245
    235    225    235    225
    240    230    240    230
    175    195    175    165
    225    215    225    215
    150    140    150    205
    245    235    245    235
    270    260    270    260
    240    230    240    230
    265    255    265    255
    185    175    185    175
    215    210    175    210
    215    215    180    215
    115    115     80    115
    235    235    200    235
    215    210    175    210
    225    225    220    225
    215    210    175    210
    220    220    215    220
    150    145    110    145
    190    190    155    190
    135    135    165    135
    235    235    200    235
    230    225    190    225
    225    220    215    220
    240    235    200    235
    205    170    135    170
    210    210    200    210
    215    215    205    215
    115    145    105    145
    235    235    225    235
    210    210    200    210
    225    225    215    225
    210    210    200    210
    220    220    210    220
    145    175    135    175
    190    190    180    190
    135    135    125    135
    235    235    225    235
    225    225    215    225
    220    220    210    220
    235    235    225    235
    170    170    160    170
    155    200    130    220
    160    205    135    225
     60    105    100    125
    180    225    155    245
    155    200    130    220
    200    215    145    235
    155    200    130    220
    195    210    140    230
     90    135    130    155
    135    180    110    200
    145    125    185    145
    180    225    155    245
    170    215    145    235
    195    210    140    230
    180    225    155    245
    115    160    155    180
    220    210    220    240
    225    215    225    215
    125    145    125    115
    245    235    245    235
    220    210    220    210
    235    225    235    225
    220    210    220    210
    230    220    230    220
    155    175    155    145
    200    190    200    190
    145    135    145    200
    245    235    245    235
    235    225    235    225
    230    220    230    220
    245    235    245    235
    180    170    180    170
    310    305    270    305
    305    305    270    305
    250    250    215    250
    315    315    280    315
    305    305    270    305
    305    305    300    305
    295    295    260    295
    305    305    300    305
    270    270    235    270
    295    295    260    295
    225    225    255    225
    315    315    280    315
    305    305    270    305
    305    305    300    305
    315    315    280    315
    335    305    270    305
    305    305    295    305
    305    305    295    305
    250    280    240    280
    315    315    305    315
    305    305    295    305
    305    305    295    305
    295    295    285    295
    305    305    295    305
    270    300    260    300
    295    295    285    295
    225    225    215    225
    315    315    305    315
    305    305    295    305
    305    305    295    305
    315    315    305    315
    305    305    295    305
    250    295    225    315
    250    295    225    315
    195    240    235    260
    260    305    235    325
    250    295    225    315
    280    295    225    315
    240    285    215    305
    280    295    225    315
    215    260    255    280
    240    285    215    305
    235    215    275    235
    260    305    235    325
    250    295    225    315
    280    295    225    315
    260    305    235    325
    250    295    290    315
    315    305    315    335
    315    305    315    305
    260    280    260    250
    325    315    325    315
    315    305    315    305
    315    305    315    305
    305    295    305    295
    315    305    315    305
    280    300    280    270
    305    295    305    295
    235    225    235    290
    325    315    325    315
    315    305    315    305
    315    305    315    305
    325    315    325    315
    315    305    315    305
    285    255    285    255
    290    290    255    290
    215    205    170    205
    300    300    265    300
    290    290    255    290
    290    290    285    290
    275    275    240    275
    290    290    285    290
    290    290    255    290
    285    285    250    285
    210    210    240    210
    300    300    265    300
    300    300    265    300
    290    290    285    290
    300    300    265    300
    320    290    255    290
    255    255    245    255
    290    290    280    290
    205    235    195    235
    300    300    290    300
    290    290    280    290
    290    290    280    290
    275    275    265    275
    290    290    280    290
    290    320    280    320
    285    285    275    285
    210    210    200    210
    300    300    290    300
    300    300    290    300
    290    290    280    290
    300    300    290    300
    290    290    280    290
    200    245    175    265
    235    280    210    300
    115    195    190    215
    245    290    220    310
    235    280    210    300
    265    280    210    300
    220    265    195    285
    265    280    210    300
    235    280    275    300
    230    275    205    295
    220    200    260    220
    245    290    220    310
    245    290    220    310
    265    280    210    300
    245    290    220    310
    235    280    275    300
    265    255    265    285
    300    290    300    290
    215    235    215    205
    310    300    310    300
    300    290    300    290
    300    290    300    290
    285    275    285    275
    300    290    300    290
    300    320    300    290
    295    285    295    285
    220    210    220    275
    310    300    310    300
    310    300    310    300
    300    290    300    290
    310    300    310    300
    300    290    300    290
    265    265    230    265
    265    260    225    260
    210    205    170    205
    290    285    250    285
    270    265    230    265
    275    275    270    275
    285    280    245    280
    270    270    265    270
    245    240    205    240
    270    265    230    265
    185    180    210    180
    290    285    250    285
    295    290    255    290
    270    270    265    270
    295    290    255    290
    245    215    180    215
    265    265    255    265
    260    260    250    260
    205    235    195    235
    285    285    275    285
    265    265    255    265
    275    275    265    275
    280    280    270    280
    270    270    260    270
    240    270    230    270
    265    265    255    265
    180    180    170    180
    285    285    275    285
    290    290    280    290
    270    270    260    270
    290    290    280    290
    215    215    205    215
    210    255    185    275
    205    250    180    270
    150    195    190    215
    230    275    205    295
    210    255    185    275
    250    265    195    285
    225    270    200    290
    245    260    190    280
    185    230    225    250
    210    255    185    275
    190    170    230    190
    230    275    205    295
    235    280    210    300
    245    260    190    280
    235    280    210    300
    160    205    200    225
    275    265    275    295
    270    260    270    260
    215    235    215    205
    295    285    295    285
    275    265    275    265
    285    275    285    275
    290    280    290    280
    280    270    280    270
    250    270    250    240
    275    265    275    265
    190    180    190    245
    295    285    295    285
    300    290    300    290
    280    270    280    270
    300    290    300    290
    225    215    225    215
    270    270    235    270
    255    250    215    250
    220    215    180    215
    280    275    240    275
    275    275    240    275
    285    285    280    285
    300    300    265    300
    280    280    275    280
    225    220    185    220
    255    250    215    250
    195    190    220    190
    275    270    235    270
    300    300    265    300
    265    265    260    265
    300    300    265    300
    260    225    190    225
    270    270    260    270
    250    250    240    250
    215    245    205    245
    275    275    265    275
    275    275    265    275
    285    285    275    285
    300    300    290    300
    280    280    270    280
    220    250    210    250
    250    250    240    250
    190    190    180    190
    270    270    260    270
    300    300    290    300
    265    265    255    265
    300    300    290    300
    225    225    215    225
    215    260    190    280
    195    240    170    260
    160    205    200    225
    220    265    195    285
    220    265    195    285
    260    275    205    295
    245    290    220    310
    255    270    200    290
    165    210    205    230
    195    240    170    260
    200    180    240    200
    215    260    190    280
    245    290    220    310
    240    255    185    275
    245    290    220    310
    170    215    210    235
    280    270    280    300
    260    250    260    250
    225    245    225    215
    285    275    285    275
    285    275    285    275
    295    285    295    285
    310    300    310    300
    290    280    290    280
    230    250    230    220
    260    250    260    250
    200    190    200    255
    280    270    280    270
    310    300    310    300
    275    265    275    265
    310    300    310    300
    235    225    235    225
    160    195    195    205
    175    205    205    215
    120    150    150    160
    200    230    230    240
    195    230    230    240
    200    230    260    240
    175    210    210    220
    180    215    245    225
    120    150    150    160
    170    200    200    210
     90    125    190    135
    190    220    220    230
    210    245    245    255
    180    215    245    225
    205    240    240    250
    155    160    160    170
    195    195    190    195
    205    205    200    205
    150    180    145    180
    230    230    225    230
    230    230    225    230
    230    230    225    230
    210    210    205    210
    215    215    210    215
    150    180    145    180
    200    200    195    200
    125    125    120    125
    220    220    215    220
    245    245    240    245
    215    215    210    215
    240    240    235    240
    160    160    155    160
    110    180    115    205
    125    190    125    215
     70    135    135    160
    150    215    150    240
    145    215    150    240
    180    215    150    240
    125    195    130    220
    160    200    135    225
     70    135    135    160
    120    185    120    210
    105    110    175    135
    140    205    140    230
    160    230    165    255
    160    200    135    225
    155    225    160    250
     80    145    145    170
    205    195    205    225
    215    205    215    205
    160    180    160    150
    240    230    240    230
    240    230    240    230
    240    230    240    230
    220    210    220    210
    225    215    225    215
    160    180    160    150
    210    200    210    200
    135    125    135    190
    230    220    230    220
    255    245    255    245
    225    215    225    215
    250    240    250    240
    170    160    170    160
    170    195    195    205
    165    200    200    210
     70    100    100    110
    185    220    220    230
    165    195    195    205
    175    210    240    220
    165    195    195    205
    170    205    235    215
    100    130    130    140
    140    175    175    185
     85    120    185    130
    185    220    220    230
    180    210    210    220
    175    205    235    215
    190    220    220    230
    155    155    155    165
    195    195    190    195
    200    200    195    200
    100    130     95    130
    220    220    215    220
    195    195    190    195
    210    210    205    210
    195    195    190    195
    205    205    200    205
    130    160    125    160
    175    175    170    175
    120    120    115    120
    220    220    215    220
    210    210    205    210
    205    205    200    205
    220    220    215    220
    155    155    150    155
    115    180    115    205
    115    185    120    210
     20     85     85    110
    135    205    140    230
    115    180    115    205
    155    195    130    220
    115    180    115    205
    150    190    125    215
     50    115    115    140
     90    160     95    185
    100    105    170    130
    135    205    140    230
    130    195    130    220
    155    190    125    215
    140    205    140    230
     75    140    140    165
    205    195    205    225
    210    200    210    200
    110    130    110    100
    230    220    230    220
    205    195    205    195
    220    210    220    210
    205    195    205    195
    215    205    215    205
    140    160    140    130
    185    175    185    175
    130    120    130    185
    230    220    230    220
    220    210    220    210
    215    205    215    205
    230    220    230    220
    165    155    165    155
    285    290    290    300
    255    290    290    300
    200    235    235    245
    265    300    300    310
    255    290    290    300
    255    290    320    300
    245    280    280    290
    255    290    320    300
    285    255    255    265
    245    280    280    290
    175    210    275    220
    265    300    300    310
    255    290    290    300
    255    290    320    300
    265    300    300    310
    285    290    290    300
    290    290    285    290
    290    290    285    290
    235    265    230    265
    300    300    295    300
    290    290    285    290
    290    290    285    290
    280    280    275    280
    290    290    285    290
    255    285    250    285
    280    280    275    280
    210    210    205    210
    300    300    295    300
    290    290    285    290
    290    290    285    290
    300    300    295    300
    290    290    285    290
    215    275    210    300
    205    275    210    300
    115    220    220    245
    215    285    220    310
    205    275    210    300
    235    275    210    300
    195    265    200    290
    235    275    210    300
    170    240    240    265
    195    265    200    290
    190    195    260    220
    215    285    220    310
    205    275    210    300
    235    275    210    300
    215    285    220    310
    205    275    275    300
    300    290    300    320
    300    290    300    290
    245    265    245    235
    310    300    310    300
    300    290    300    290
    300    290    300    290
    290    280    290    280
    300    290    300    290
    265    285    265    255
    290    280    290    280
    220    210    220    275
    310    300    310    300
    300    290    300    290
    300    290    300    290
    310    300    310    300
    300    290    300    290
    210    240    240    250
    240    275    275    285
    160    190    190    200
    250    285    285    295
    240    275    275    285
    240    275    305    285
    225    260    260    270
    240    275    305    285
    240    275    275    285
    235    270    270    280
    160    195    260    205
    250    285    285    295
    250    285    285    295
    240    275    305    285
    250    285    285    295
    270    275    275    285
    240    240    235    240
    275    275    270    275
    190    220    185    220
    285    285    280    285
    275    275    270    275
    275    275    270    275
    260    260    255    260
    275    275    270    275
    275    305    270    305
    270    270    265    270
    195    195    190    195
    285    285    280    285
    285    285    280    285
    275    275    270    275
    285    285    280    285
    275    275    270    275
    160    225    160    250
    190    260    195    285
    110    175    175    200
    200    270    205    295
    190    260    195    285
    220    260    195    285
    175    245    180    270
    220    260    195    285
    190    260    260    285
    185    255    190    280
    175    180    245    205
    200    270    205    295
    200    270    205    295
    220    260    195    285
    200    270    205    295
    190    260    260    285
    250    240    250    270
    285    275    285    275
    200    220    200    190
    295    285    295    285
    285    275    285    275
    285    275    285    275
    270    260    270    260
    285    275    285    275
    285    305    285    275
    280    270    280    270
    205    195    205    260
    295    285    295    285
    295    285    295    285
    285    275    285    275
    295    285    295    285
    285    275    285    275
    215    250    250    260
    215    245    245    255
    160    190    190    200
    240    270    270    280
    220    250    250    260
    225    260    290    270
    235    265    265    275
    220    255    285    265
    195    225    225    235
    220    250    250    260
    135    165    230    175
    240    270    270    280
    245    275    275    285
    220    255    285    265
    245    275    275    285
    195    200    200    210
    250    250    245    250
    245    245    240    245
    190    220    185    220
    270    270    265    270
    250    250    245    250
    260    260    255    260
    265    265    260    265
    255    255    250    255
    225    255    220    255
    250    250    245    250
    165    165    160    165
    270    270    265    270
    275    275    270    275
    255    255    250    255
    275    275    270    275
    200    200    195    200
    165    235    170    260
    165    230    165    255
    110    175    175    200
    190    255    190    280
    170    235    170    260
    205    245    180    270
    185    250    185    275
    200    240    175    265
    145    210    210    235
    170    235    170    260
    150    150    215    175
    190    255    190    280
    195    260    195    285
    200    240    175    265
    195    260    195    285
    115    185    185    210
    260    250    260    280
    255    245    255    245
    200    220    200    190
    280    270    280    270
    260    250    260    250
    270    260    270    260
    275    265    275    265
    265    255    265    255
    235    255    235    225
    260    250    260    250
    175    165    175    230
    280    270    280    270
    285    275    285    275
    265    255    265    255
    285    275    285    275
    210    200    210    200
    220    255    255    265
    205    235    235    245
    170    200    200    210
    230    260    260    270
    225    260    260    270
    235    270    300    280
    250    285    285    295
    230    265    295    275
    175    205    205    215
    205    235    235    245
    145    175    240    185
    225    255    255    265
    250    285    285    295
    215    250    280    260
    250    285    285    295
    210    210    210    220
    255    255    250    255
    235    235    230    235
    200    230    195    230
    260    260    255    260
    260    260    255    260
    270    270    265    270
    285    285    280    285
    265    265    260    265
    205    235    200    235
    235    235    230    235
    175    175    170    175
    255    255    250    255
    285    285    280    285
    250    250    245    250
    285    285    280    285
    210    210    205    210
    170    240    175    265
    155    220    155    245
    120    185    185    210
    180    245    180    270
    175    245    180    270
    215    255    190    280
    200    270    205    295
    210    250    185    275
    125    190    190    215
    155    220    155    245
    160    160    225    185
    175    240    175    265
    200    270    205    295
    195    235    170    260
    200    270    205    295
    130    195    195    220
    265    255    265    285
    245    235    245    235
    210    230    210    200
    270    260    270    260
    270    260    270    260
    280    270    280    270
    295    285    295    285
    275    265    275    265
    215    235    215    205
    245    235    245    235
    185    175    185    240
    265    255    265    255
    295    285    295    285
    260    250    260    250
    295    285    295    285
    220    210    220    210
    170    170    145    195
    180    185    160    210
    125    130    105    155
    205    210    185    235
    205    205    180    230
    205    210    215    235
    185    185    160    210
    190    190    195    215
    125    130    105    155
    175    180    155    205
    100    100    140    125
    195    200    175    225
    220    220    195    245
    190    190    195    215
    215    215    190    240
    165    135    110    160
    165    180    170    175
    180    190    185    185
    125    165    130    160
    205    215    210    210
    200    215    205    210
    205    215    210    210
    180    195    185    190
    185    200    190    195
    125    165    130    160
    175    185    180    180
     95    110    100    105
    195    205    200    200
    215    230    220    225
    185    200    190    195
    210    225    215    220
    130    145    135    140
    110    185     85    195
    125    200    100    210
     70    145    110    155
    150    225    125    235
    145    220    120    230
    180    225    125    235
    125    200    100    210
    160    205    105    215
     70    145    110    155
    120    195     95    205
    105    115    145    125
    140    215    115    225
    160    235    135    245
    160    205    105    215
    155    230    130    240
     80    150    115    160
    190    175    190    150
    205    185    205    130
    150    160    150     80
    230    210    230    155
    225    210    225    155
    230    210    230    155
    205    190    205    135
    210    195    210    140
    150    160    150     80
    200    180    200    125
    120    105    120    115
    220    200    220    145
    240    225    240    170
    210    195    210    140
    235    220    235    165
    155    140    155     85
    170    175    150    200
    175    175    150    200
     75     80     55    105
    195    195    170    220
    170    175    150    200
    185    185    190    210
    170    175    150    200
    180    180    185    205
    105    110     85    135
    150    150    125    175
     95     95    135    120
    195    195    170    220
    185    190    165    215
    180    185    190    210
    195    200    175    225
    160    135    110    160
    170    180    175    175
    170    185    175    180
     75    115     80    110
    190    205    195    200
    170    180    175    175
    180    195    185    190
    170    180    175    175
    175    190    180    185
    105    145    110    140
    145    160    150    155
     90    105     95    100
    190    205    195    200
    185    195    190    190
    180    190    185    185
    195    205    200    200
    130    140    135    135
    115    190     90    200
    115    190     90    200
     20     95     60    105
    135    210    110    220
    115    190     90    200
    155    200    100    210
    115    190     90    200
    150    195     95    205
     50    125     90    135
     90    165     65    175
    100    110    140    120
    135    210    110    220
    130    205    105    215
    155    200    100    210
    140    215    115    225
     75    150    115    160
    195    175    195    150
    195    180    195    125
    100    110    100     25
    215    200    215    145
    195    175    195    120
    205    190    205    135
    195    175    195    120
    200    185    200    130
    130    140    130     60
    170    155    170    100
    115    100    115    110
    215    200    215    145
    210    190    210    135
    205    185    205    130
    220    200    220    145
    155    135    155     80
    265    270    245    295
    265    265    240    290
    210    210    185    235
    275    275    250    300
    265    265    240    290
    265    265    270    290
    255    255    230    280
    265    265    270    290
    230    230    205    255
    255    255    230    280
    185    185    225    210
    275    275    250    300
    265    265    240    290
    265    265    270    290
    275    275    250    300
    295    265    240    290
    265    275    270    270
    260    275    265    270
    205    250    210    245
    270    285    275    280
    260    275    265    270
    260    275    265    270
    250    265    255    260
    260    275    265    270
    225    270    230    265
    250    265    255    260
    180    195    185    190
    270    285    275    280
    260    275    265    270
    260    275    265    270
    270    285    275    280
    260    275    265    270
    210    285    185    295
    205    280    180    290
    150    225    190    235
    215    290    190    300
    205    280    180    290
    235    280    180    290
    195    270    170    280
    235    280    180    290
    170    245    210    255
    195    270    170    280
    190    200    230    210
    215    290    190    300
    205    280    180    290
    235    280    180    290
    215    290    190    300
    205    280    245    290
    290    270    290    245
    285    270    285    215
    230    245    230    160
    295    280    295    225
    285    270    285    215
    285    270    285    215
    275    260    275    205
    285    270    285    215
    250    265    250    180
    275    260    275    205
    205    190    205    200
    295    280    295    225
    285    270    285    215
    285    270    285    215
    295    280    295    225
    285    270    285    215
    215    220    195    245
    250    250    225    275
    165    170    145    195
    260    260    235    285
    250    250    225    275
    250    250    255    275
    235    235    210    260
    250    250    255    275
    250    250    225    275
    245    245    220    270
    170    170    210    195
    260    260    235    285
    260    260    235    285
    250    250    255    275
    260    260    235    285
    280    250    225    275
    215    225    220    220
    245    260    250    255
    165    205    170    200
    255    270    260    265
    245    260    250    255
    245    260    250    255
    230    245    235    240
    245    260    250    255
    245    290    250    285
    240    255    245    250
    165    180    170    175
    255    270    260    265
    255    270    260    265
    245    260    250    255
    255    270    260    265
    245    260    250    255
    160    235    135    245
    190    265    165    275
    110    185    150    195
    200    275    175    285
    190    265    165    275
    220    265    165    275
    175    250    150    260
    220    265    165    275
    190    265    230    275
    185    260    160    270
    175    185    215    195
    200    275    175    285
    200    275    175    285
    220    265    165    275
    200    275    175    285
    190    265    230    275
    240    220    240    195
    270    255    270    200
    190    200    190    115
    280    265    280    210
    270    255    270    200
    270    255    270    200
    255    240    255    185
    270    255    270    200
    270    285    270    200
    265    250    265    195
    190    175    190    185
    280    265    280    210
    280    265    280    210
    270    255    270    200
    280    265    280    210
    270    255    270    200
    225    225    200    250
    220    225    200    250
    165    170    145    195
    245    250    225    275
    225    230    205    255
    235    235    240    260
    240    245    220    270
    230    230    235    255
    200    205    180    230
    225    230    205    255
    140    145    185    170
    245    250    225    275
    250    255    230    280
    230    230    235    255
    250    255    230    280
    205    175    150    200
    220    235    225    230
    220    230    225    225
    165    205    170    200
    245    255    250    250
    225    235    230    230
    230    245    235    240
    240    250    245    245
    225    240    230    235
    200    240    205    235
    225    235    230    230
    140    150    145    145
    245    255    250    250
    250    260    255    255
    225    240    230    235
    250    260    255    255
    170    185    175    180
    165    240    140    250
    165    240    140    250
    110    185    150    195
    190    265    165    275
    170    245    145    255
    205    250    150    260
    185    260    160    270
    200    245    145    255
    145    220    185    230
    170    245    145    255
    150    160    190    170
    190    265    165    275
    195    270    170    280
    200    245    145    255
    195    270    170    280
    115    190    155    200
    245    230    245    205
    245    225    245    170
    190    200    190    115
    270    250    270    195
    250    230    250    175
    255    240    255    185
    265    245    265    190
    250    235    250    180
    225    235    225    150
    250    230    250    175
    165    145    165    155
    270    250    270    195
    275    255    275    200
    250    235    250    180
    275    255    275    200
    195    180    195    125
    230    230    205    255
    210    215    190    240
    175    180    155    205
    235    240    215    265
    235    235    210    260
    245    245    250    270
    260    260    235    285
    240    240    245    265
    180    185    160    210
    210    215    190    240
    150    155    195    180
    230    235    210    260
    260    260    235    285
    225    225    230    250
    260    260    235    285
    215    190    165    215
    225    240    230    235
    210    220    215    215
    175    215    180    210
    235    245    240    240
    230    245    235    240
    240    255    245    250
    255    270    260    265
    235    250    240    245
    180    220    185    215
    210    220    215    215
    150    160    155    155
    230    240    235    235
    255    270    260    265
    220    235    225    230
    255    270    260    265
    185    195    190    190
    170    245    145    255
    155    230    130    240
    120    195    160    205
    180    255    155    265
    175    250    150    260
    215    260    160    270
    200    275    175    285
    210    255    155    265
    125    200    165    210
    155    230    130    240
    160    170    200    180
    175    250    150    260
    200    275    175    285
    195    240    140    250
    200    275    175    285
    130    205    170    215
    250    235    250    210
    235    215    235    160
    200    210    200    125
    260    240    260    185
    255    240    255    185
    265    250    265    195
    280    265    280    210
    260    245    260    190
    205    215    205    130
    235    215    235    160
    175    155    175    165
    255    235    255    180
    280    265    280    210
    245    230    245    175
    280    265    280    210
    210    190    210    135
    175    180    125    205
    185    190    140    215
    130    135     85    160
    210    215    165    240
    210    215    160    240
    210    215    195    240
    190    195    140    220
    195    200    175    225
    130    135     85    160
    180    185    135    210
    105    110    120    135
    200    205    155    230
    225    230    175    255
    195    200    175    225
    220    225    170    250
    170    145     90    170
    155    190    155    170
    170    200    170    180
    115    175    115    155
    195    225    195    205
    190    225    190    205
    195    225    195    205
    170    205    170    185
    175    210    175    190
    115    175    115    155
    165    195    165    175
     85    120     85    100
    185    215    185    195
    205    240    205    220
    175    210    175    190
    200    235    200    215
    120    155    120    135
    120    205     95    205
    135    215    110    215
     80    160    120    160
    160    240    135    240
    155    240    130    240
    190    240    135    240
    135    220    110    220
    170    225    115    225
     80    160    120    160
    130    210    105    210
    115    135    155    135
    150    230    125    230
    170    255    145    255
    170    225    115    225
    165    250    140    250
     85    170    125    170
    180    185    175    160
    195    195    190    145
    140    170    135     90
    220    220    215    170
    215    220    210    165
    220    220    215    170
    195    200    190    145
    200    205    195    150
    140    170    135     90
    190    190    185    140
    110    115    105    125
    210    210    205    160
    230    235    225    180
    200    205    195    150
    225    230    220    175
    145    150    140     95
    175    180    130    205
    180    185    130    210
     80     85     35    110
    200    205    150    230
    175    180    130    205
    190    195    170    220
    175    180    130    205
    185    190    165    215
    110    115     65    140
    155    160    105    185
    100    105    115    130
    200    205    150    230
    190    195    145    220
    185    190    170    215
    200    205    155    230
    165    140     90    165
    160    190    160    170
    160    195    160    175
     65    125     65    105
    180    215    180    195
    160    190    160    170
    170    205    170    185
    160    190    160    170
    165    200    165    180
     95    155     95    135
    135    170    135    150
     80    115     80     95
    180    215    180    195
    175    205    175    185
    170    200    170    180
    185    215    185    195
    120    150    120    130
    125    205    100    205
    125    210    100    210
     30    110     70    110
    145    230    120    230
    125    205    100    205
    165    220    110    220
    125    205    100    205
    160    215    105    215
     60    140    100    140
    100    185     75    185
    110    130    150    130
    145    230    120    230
    140    220    115    220
    165    215    110    215
    150    230    125    230
     85    165    125    165
    185    185    180    165
    185    190    180    135
     90    120     85     40
    205    210    200    155
    185    185    180    135
    195    200    190    145
    185    185    180    135
    190    195    185    140
    120    150    115     70
    160    165    155    110
    105    110    100    120
    205    210    200    155
    200    200    195    150
    195    195    190    145
    210    210    205    160
    145    145    140     95
    270    275    225    300
    270    275    220    300
    215    220    165    245
    280    285    230    310
    270    275    220    300
    270    275    250    300
    260    265    210    290
    270    275    250    300
    235    240    185    265
    260    265    210    290
    190    195    205    220
    280    285    230    310
    270    275    220    300
    270    275    250    300
    280    285    230    310
    300    275    220    300
    255    285    255    265
    250    285    250    265
    195    260    195    240
    260    295    260    275
    250    285    250    265
    250    285    250    265
    240    275    240    255
    250    285    250    265
    215    280    215    260
    240    275    240    255
    170    205    170    185
    260    295    260    275
    250    285    250    265
    250    285    250    265
    260    295    260    275
    250    285    250    265
    220    300    195    300
    215    300    190    300
    160    245    200    245
    225    310    200    310
    215    300    190    300
    245    300    190    300
    205    290    180    290
    245    300    190    300
    180    265    220    265
    205    290    180    290
    200    220    240    220
    225    310    200    310
    215    300    190    300
    245    300    190    300
    225    310    200    310
    215    300    255    300
    280    280    275    260
    275    280    270    225
    220    255    215    170
    285    290    280    235
    275    280    270    225
    275    280    270    225
    265    270    260    215
    275    280    270    225
    240    275    235    190
    265    270    260    215
    195    200    190    210
    285    290    280    235
    275    280    270    225
    275    280    270    225
    285    290    280    235
    275    280    270    225
    220    225    175    250
    255    260    205    285
    170    175    125    200
    265    270    215    295
    255    260    205    285
    255    260    235    285
    240    245    190    270
    255    260    235    285
    255    260    205    285
    250    255    200    280
    175    180    190    205
    265    270    215    295
    265    270    215    295
    255    260    235    285
    265    270    215    295
    285    260    205    285
    205    235    205    215
    235    270    235    250
    155    215    155    195
    245    280    245    260
    235    270    235    250
    235    270    235    250
    220    255    220    235
    235    270    235    250
    235    300    235    280
    230    265    230    245
    155    190    155    170
    245    280    245    260
    245    280    245    260
    235    270    235    250
    245    280    245    260
    235    270    235    250
    170    250    145    250
    200    285    175    285
    120    200    160    200
    210    295    185    295
    200    285    175    285
    230    285    175    285
    185    270    160    270
    230    285    175    285
    200    285    240    285
    195    280    170    280
    185    205    225    205
    210    295    185    295
    210    295    185    295
    230    285    175    285
    210    295    185    295
    200    285    240    285
    230    230    225    210
    260    265    255    210
    180    210    175    130
    270    275    265    220
    260    265    255    210
    260    265    255    210
    245    250    240    195
    260    265    255    210
    260    295    255    210
    255    260    250    205
    180    185    175    195
    270    275    265    220
    270    275    265    220
    260    265    255    210
    270    275    265    220
    260    265    255    210
    230    235    180    260
    225    230    180    255
    170    175    125    200
    250    255    205    280
    230    235    185    260
    240    245    220    270
    245    250    200    275
    235    240    215    265
    205    210    160    235
    230    235    185    260
    145    150    165    175
    250    255    205    280
    255    260    210    285
    235    240    215    265
    255    260    210    285
    210    185    130    210
    210    245    210    225
    210    240    210    220
    155    215    155    195
    235    265    235    245
    215    245    215    225
    220    255    220    235
    230    260    230    240
    215    250    215    230
    190    250    190    230
    215    245    215    225
    130    160    130    140
    235    265    235    245
    240    270    240    250
    215    250    215    230
    240    270    240    250
    160    195    160    175
    175    260    150    260
    175    255    150    255
    120    200    160    200
    200    280    175    280
    180    260    155    260
    215    270    160    270
    195    275    170    275
    210    265    155    265
    155    235    195    235
    180    260    155    260
    160    175    200    175
    200    280    175    280
    205    285    180    285
    210    265    155    265
    205    285    180    285
    125    210    165    210
    235    240    230    215
    235    235    230    185
    180    210    175    130
    260    260    255    210
    240    240    235    190
    245    250    240    195
    255    255    250    205
    240    245    235    190
    215    245    210    165
    240    240    235    190
    155    155    150    170
    260    260    255    210
    265    265    260    215
    240    245    235    190
    265    265    260    215
    185    190    180    135
    235    240    185    265
    215    220    170    245
    180    185    135    210
    240    245    195    270
    240    245    190    270
    250    255    230    280
    265    270    215    295
    245    250    225    275
    185    190    140    215
    215    220    170    245
    155    160    175    185
    235    240    190    265
    265    270    215    295
    230    235    210    260
    265    270    215    295
    220    195    145    220
    215    250    215    230
    200    230    200    210
    165    225    165    205
    225    255    225    235
    220    255    220    235
    230    265    230    245
    245    280    245    260
    225    260    225    240
    170    230    170    210
    200    230    200    210
    140    170    140    150
    220    250    220    230
    245    280    245    260
    210    245    210    225
    245    280    245    260
    175    205    175    185
    180    265    155    265
    165    245    140    245
    130    210    170    210
    190    270    165    270
    185    270    160    270
    225    280    170    280
    210    295    185    295
    220    275    165    275
    135    215    175    215
    165    245    140    245
    170    185    210    185
    185    265    160    265
    210    295    185    295
    205    260    150    260
    210    295    185    295
    140    220    180    220
    240    245    235    220
    225    225    220    175
    190    220    185    140
    250    250    245    200
    245    250    240    195
    255    260    250    205
    270    275    265    220
    250    255    245    200
    195    225    190    145
    225    225    220    175
    165    165    160    180
    245    245    240    195
    270    275    265    220
    235    240    230    185
    270    275    265    220
    200    200    195    150

# int22_enthalpies
   -690   -595   -945   -635
   -845   -750  -1100   -790
   -795   -705  -1050   -745
   -845   -750  -1100   -790
   -595   -505   -850   -545
   -600   -505   -735   -545
   -595   -505   -850   -545
   -625   -530   -760   -570
   -945   -850  -1200   -890
   -850   -755  -1105   -795
   -525   -430  -1405   -470
   -850   -755  -1105   -795
   -635   -545   -890   -585
   -610   -515   -745   -555
   -635   -545   -890   -585
   -910   -940  -1285   -980
   -845   -600   -850   -610
  -1000   -755  -1005   -765
   -950   -585   -955   -595
  -1000   -755  -1005   -765
   -750   -505   -755   -515
   -755   -510   -760   -520
   -750   -505   -755   -515
   -780   -535   -785   -545
  -1100   -735  -1105   -745
  -1005   -760  -1010   -770
   -680   -435   -685   -445
  -1005   -760  -1010   -770
   -790   -545   -795   -555
   -765   -520   -770   -530
   -790   -545   -795   -555
  -1185   -940  -1190   -950
   -795   -595   -525   -635
   -950   -750   -680   -790
   -905   -705  -1255   -745
   -950   -750   -680   -790
   -705   -505   -430   -545
   -585   -505   -435   -545
   -705   -505   -430   -545
   -610   -530   -460   -570
  -1050   -850  -1405   -890
   -955   -755   -685   -795
  -1255   -430  -1610   -470
   -955   -755   -685   -795
   -745   -545   -470   -585
   -595   -515   -445   -555
   -745   -545   -470   -585
  -1140   -940  -1490   -980
   -845   -625   -850   -910
  -1000   -780  -1005  -1185
   -950   -610   -955  -1140
  -1000   -780  -1005  -1185
   -750   -530   -755   -940
   -755   -535   -760   -940
   -750   -530   -755   -940
   -780   -560   -785   -965
  -1100   -760  -1105  -1285
  -1005   -785  -1010  -1190
   -680   -460   -685  -1490
  -1005   -785  -1010  -1190
   -790   -570   -795   -980
   -765   -545   -770   -950
   -790   -570   -795   -980
  -1185   -965  -1190  -1375
   -830   -630  -1030   -635
   -910   -820   -595   -860
  -1545  -1345  -1535  -1230
   -910   -820  -1165   -860
   -725   -950   -395   -670
   -875   -785   -130   -825
   -725   -630   -980   -670
   -875   -785  -1010   -825
  -1155   -895  -1715   -935
   -855   -765  -1110   -805
   -395   -660  -1425   -490
   -855   -765  -1110   -805
   -605   -510   -860   -550
   -910   -820  -1045   -860
   -605   -510   -860   -550
   -895   -300   -685   -695
   -840  -1055   -845   -605
  -1065   -820  -1070   -830
  -1435   -835  -1440  -1080
  -1065   -820  -1070   -830
   -880   -750   -885   -645
  -1030   -785  -1035   -795
   -880   -635   -885   -645
  -1030   -785  -1035   -690
  -1020   -715  -1150   -790
  -1010   -765  -1015   -775
   -700   -455   -705   -415
  -1010   -765  -1015   -775
   -760   -515   -765   -525
  -1065   -820  -1070   -830
   -760   -515   -765   -525
   -690  -1110   -910  -1025
  -1340   -595   -645   -635
   -715   -820   -765   -860
  -2075  -1190  -1740  -1230
  -1020   -820   -745   -860
   -950   -630   -560   -670
   -865   -785   -710   -825
   -830   -630   -560   -670
   -865   -785   -530   -825
  -1425   -895  -1030   -935
   -965   -765   -690   -805
  -1170   -450  -1630   -490
   -965   -765   -690   -805
   -710   -510   -440   -550
   -900   -820   -385   -860
   -710   -510   -440   -550
   -955   -655  -1055   -695
   -840   -620   -845  -1305
  -1065   -845  -1070  -1255
  -1435  -1095  -1440  -1320
  -1065   -845  -1070  -1255
   -880   -660   -885   -615
  -1030   -810  -1035  -1220
   -880   -660   -885  -1065
  -1030   -810  -1035  -1220
  -1145  -1340  -1150  -1155
  -1010   -790  -1015  -1200
   -700   -905   -705   -620
  -1010   -790  -1015  -1200
   -760   -540   -765   -945
  -1065   -845  -1070  -1255
   -760   -540   -765   -945
   -905   -685   -910  -1470
  -1065   -980  -1330  -1020
   -985   -890  -1240   -930
   -990   -900  -1245   -940
   -985   -890  -1240   -930
   -840   -745  -1095   -785
   -840   -745   -975   -785
   -840   -745  -1095   -785
   -840   -745   -975   -785
   -840   -750  -1095   -790
   -930   -835  -1185   -875
   -305   -210  -1185   -250
   -930   -835  -1185   -875
   -720   -625   -975   -665
   -720   -625   -855   -665
   -720   -625   -975   -665
   -600   -625   -975   -665
  -1230   -985  -1235   -995
  -1140   -895  -1145   -905
  -1145   -780  -1150   -790
  -1140   -895  -1145   -905
   -995   -750  -1000   -760
   -995   -750  -1000   -760
   -995   -750  -1000   -760
   -995   -750  -1000   -760
   -995   -630  -1000   -640
  -1085   -840  -1090   -850
   -460   -215   -465   -225
  -1085   -840  -1090   -850
   -875   -630   -880   -640
   -875   -630   -880   -640
   -875   -630   -880   -640
   -875   -630   -880   -640
  -1180   -980   -910  -1020
  -1090   -890   -820   -930
  -1100   -900  -1450   -940
  -1090   -890   -820   -930
   -945   -745   -675   -785
   -825   -745   -675   -785
   -945   -745   -675   -785
   -825   -745   -675   -785
   -950   -750  -1300   -790
  -1035   -835   -765   -875
  -1035   -210  -1390   -250
  -1035   -835   -765   -875
   -825   -625   -555   -665
   -705   -625   -555   -665
   -825   -625   -555   -665
   -825   -625  -1180   -665
  -1230  -1010  -1235  -1295
  -1140   -920  -1145  -1325
  -1145   -805  -1150  -1335
  -1140   -920  -1145  -1325
   -995   -775  -1000  -1180
   -995   -775  -1000  -1180
   -995   -775  -1000  -1180
   -995   -775  -1000  -1180
   -995   -655  -1000  -1185
  -1085   -865  -1090  -1270
   -460   -240   -465  -1270
  -1085   -865  -1090  -1270
   -875   -655   -880  -1060
   -875   -655   -880  -1060
   -875   -655   -880  -1060
   -875   -655   -880  -1060
   -185    -95   -440   -135
   -440   -350   -695   -390
   -610   -520   -865   -560
   -440   -350   -695   -390
   -425   -335   -680   -375
   -425   -335   -560   -375
   -425   -335   -680   -375
   -425   -335   -560   -375
   -775   -685  -1030   -725
   -520   -430   -775   -470
    105    195   -775    155
   -520   -430   -775   -470
   -845   -755  -1100   -795
   -845   -755   -980   -795
   -845   -755  -1100   -795
   -725   -755  -1100   -795
   -340    -95   -345   -110
   -595   -350   -600   -360
   -765   -400   -770   -410
   -595   -350   -600   -360
   -580   -335   -585   -345
   -580   -335   -585   -345
   -580   -335   -585   -345
   -580   -335   -585   -345
   -930   -565   -935   -575
   -675   -430   -680   -440
    -50    195    -55    185
   -675   -430   -680   -440
  -1000   -755  -1005   -765
  -1000   -755  -1005   -765
  -1000   -755  -1005   -765
  -1000   -755  -1005   -765
   -295    -95    -20   -135
   -550   -350   -275   -390
   -720   -520  -1070   -560
   -550   -350   -275   -390
   -535   -335   -260   -375
   -415   -335   -260   -375
   -535   -335   -260   -375
   -415   -335   -260   -375
   -885   -685  -1235   -725
   -630   -430   -355   -470
   -630    195   -980    155
   -630   -430   -355   -470
   -955   -755   -680   -795
   -835   -755   -680   -795
   -955   -755   -680   -795
   -955   -755  -1305   -795
   -340   -120   -345   -410
   -595   -375   -600   -785
   -765   -425   -770   -955
   -595   -375   -600   -785
   -580   -360   -585   -770
   -580   -360   -585   -770
   -580   -360   -585   -770
   -580   -360   -585   -770
   -930   -590   -935  -1120
   -675   -455   -680   -865
    -50    170    -55   -865
   -675   -455   -680   -865
  -1000   -780  -1005  -1190
  -1000   -780  -1005  -1190
  -1000   -780  -1005  -1190
  -1000   -780  -1005  -1190
    190    280    -65    240
     35    125   -220     85
   -505   -410   -760   -450
     35    125   -220     85
    100    195   -150    155
    100    190    -35    150
    100    195   -150    155
    100    190    -35    150
   -380   -285   -635   -325
     70    160   -185    120
    490    585   -390    545
     70    160   -185    120
     55    150   -195    110
     55    145    -80    105
     55    150   -195    110
   -315   -340   -690   -380
     35    280     30    270
   -120    125   -125    115
   -660   -295   -665   -305
   -120    125   -125    115
    -50    190    -55    180
    -55    190    -60    180
    -50    190    -55    180
    -55    190    -60    180
   -535   -170   -540   -180
    -85    160    -90    150
    335    580    330    570
    -85    160    -90    150
    -95    145   -100    135
   -100    145   -105    135
    -95    145   -100    135
   -590   -345   -595   -355
     80    280    355    240
    -70    125    200     85
   -610   -410   -965   -450
    -70    125    200     85
     -5    195    270    155
    115    190    265    150
     -5    195    270    155
    115    190    265    150
   -485   -285   -840   -325
    -35    160    235    120
   -240    585   -595    545
    -35    160    235    120
    -50    150    225    110
     70    145    220    105
    -50    150    225    110
   -540   -340   -895   -380
     35    255     30    -30
   -120    100   -125   -305
   -660   -320   -665   -845
   -120    100   -125   -305
    -50    165    -55   -240
    -55    165    -60   -240
    -50    165    -55   -240
    -55    165    -60   -240
   -535   -195   -540   -720
    -85    135    -90   -270
    335    555    330   -475
    -85    135    -90   -270
    -95    120   -100   -285
   -100    120   -105   -285
    -95    120   -100   -285
   -590   -370   -595   -775
    135    230   -120    190
     -5     90   -255     50
   -565   -470   -820   -510
     -5     90   -255     50
     85    180   -165    140
     85    180    -45    140
     85    180   -165    140
     20    115   -110     75
   -795   -700  -1050   -740
    -85     10   -335    -30
    385    475   -495    435
    -85     10   -335    -30
   -335   -240   -585   -280
   -550   -460   -685   -500
   -335   -240   -585   -280
   -680   -710  -1055   -750
    -20    225    -25    215
   -155     85   -160     75
   -720   -355   -725   -365
   -155     85   -160     75
    -70    175    -75    165
    -70    175    -75    165
    -70    175    -75    165
   -130    110   -135    100
   -950   -585   -955   -595
   -235      5   -240     -5
    230    470    225    460
   -235      5   -240     -5
   -490   -245   -495   -255
   -705   -465   -710   -475
   -490   -245   -495   -255
   -955   -710   -960   -720
     30    230    305    190
   -110     90    165     50
   -670   -470  -1025   -510
   -110     90    165     50
    -20    180    255    140
    100    180    255    140
    -20    180    255    140
     35    115    190     75
   -900   -700  -1255   -740
   -190     10     85    -30
   -350    475   -700    435
   -190     10     85    -30
   -440   -240   -165   -280
   -540   -460   -385   -500
   -440   -240   -165   -280
   -910   -710  -1260   -750
    -20    200    -25    -85
   -155     60   -160   -345
   -720   -380   -725   -905
   -155     60   -160   -345
    -70    150    -75   -255
    -70    150    -75   -255
    -70    150    -75   -255
   -130     85   -135   -320
   -950   -610   -955  -1135
   -235    -20   -240   -425
    230    450    225   -585
   -235    -20   -240   -425
   -490   -270   -495   -675
   -705   -490   -710   -895
   -490   -270   -495   -675
   -955   -735   -960  -1145
   -830   -725  -1155   -605
   -840   -880  -1020   -760
  -1340   -950  -1425   -710
   -840   -880  -1145   -760
   -630   -950   -895   -510
  -1055   -750   -715   -515
   -595   -630   -895   -510
   -620   -660  -1340   -540
  -1030   -395  -1715   -860
   -845   -885  -1150   -765
   -645   -560  -1030   -440
   -845   -885  -1150   -765
   -635   -670   -935   -550
   -605   -645   -790   -525
   -635   -670   -935   -550
  -1305   -615  -1155   -945
   -910   -875   -855   -910
  -1065  -1030  -1010  -1065
   -715   -865   -965   -900
  -1065  -1030  -1010  -1065
   -820   -785   -765   -820
   -820   -785   -765   -820
   -820   -785   -765   -820
   -845   -810   -790   -845
   -595   -130  -1110  -1045
  -1070  -1035  -1015  -1070
   -765   -710   -690   -385
  -1070  -1035  -1015  -1070
   -860   -825   -805   -860
   -830   -795   -775   -830
   -860   -825   -805   -860
  -1255  -1220  -1200  -1255
  -1545   -725   -395   -605
  -1435   -880   -700   -760
  -2075   -830  -1170   -710
  -1435   -880   -700   -760
  -1345   -630   -660   -510
   -835   -635   -455   -515
  -1190   -630   -450   -510
  -1095   -660   -905   -540
  -1535   -980  -1425   -860
  -1440   -885   -705   -765
  -1740   -560  -1630   -440
  -1440   -885   -705   -765
  -1230   -670   -490   -550
  -1080   -645   -415   -525
  -1230   -670   -490   -550
  -1320  -1065   -620   -945
   -910   -875   -855   -895
  -1065  -1030  -1010   -690
  -1020   -865   -965   -955
  -1065  -1030  -1010   -905
   -820   -785   -765   -300
   -820   -785   -765  -1110
   -820   -785   -765   -655
   -845   -810   -790   -685
  -1165  -1010  -1110   -685
  -1070  -1035  -1015   -910
   -745   -530   -690  -1055
  -1070  -1035  -1015   -910
   -860   -825   -805   -695
   -830   -690   -775  -1025
   -860   -825   -805   -695
  -1255  -1220  -1200  -1470
   -685   -720   -985   -600
   -910   -945  -1210   -825
  -1280  -1315  -1580  -1195
   -910   -945  -1210   -825
   -720   -760  -1025   -640
   -875   -910  -1055   -790
   -720   -760  -1025   -640
   -875   -910  -1055   -790
   -985  -1025  -1290   -905
   -855   -890  -1155   -770
   -540   -580  -1470   -460
   -855   -890  -1155   -770
   -600   -640   -905   -520
   -910   -945  -1090   -825
   -600   -640   -905   -520
   -625   -785  -1050   -665
   -910   -875   -855   -910
  -1135  -1100  -1080  -1135
  -1505  -1350  -1450  -1385
  -1135  -1100  -1080  -1135
   -945   -910   -890   -945
  -1100  -1065  -1045  -1100
   -945   -910   -890   -945
  -1100  -1065  -1045  -1100
  -1210  -1055  -1155  -1090
  -1080  -1045  -1025  -1080
   -765   -730   -710   -765
  -1080  -1045  -1025  -1080
   -825   -790   -770   -825
  -1135  -1100  -1080  -1135
   -825   -790   -770   -825
   -970   -935   -915   -970
  -1280   -720   -540   -600
  -1505   -945   -765   -825
  -1875  -1315  -1760  -1195
  -1505   -945   -765   -825
  -1315   -760   -580   -640
  -1350   -910   -730   -790
  -1315   -760   -580   -640
  -1350   -910   -730   -790
  -1580  -1025  -1470   -905
  -1450   -890   -710   -770
  -1760   -580  -1650   -460
  -1450   -890   -710   -770
  -1195   -640   -460   -520
  -1385   -945   -765   -825
  -1195   -640   -460   -520
  -1340   -785  -1230   -665
   -910   -875   -855   -625
  -1135  -1100  -1080   -970
  -1505  -1350  -1450  -1340
  -1135  -1100  -1080   -970
   -945   -910   -890   -785
  -1100  -1065  -1045   -935
   -945   -910   -890   -785
  -1100  -1065  -1045   -935
  -1210  -1055  -1155  -1050
  -1080  -1045  -1025   -915
   -765   -730   -710  -1230
  -1080  -1045  -1025   -915
   -825   -790   -770   -665
  -1135  -1100  -1080   -970
   -825   -790   -770   -665
   -970   -935   -915   -810
  -1070  -1110  -1375   -990
   -980  -1020  -1285   -900
   -990  -1025  -1290   -905
   -980  -1020  -1285   -900
   -835   -875  -1140   -755
   -835   -875  -1020   -755
   -835   -875  -1140   -755
   -835   -875  -1020   -755
   -840   -875  -1140   -755
   -925   -965  -1230   -845
   -300   -340  -1230   -220
   -925   -965  -1230   -845
   -715   -755  -1020   -635
   -715   -755   -900   -635
   -715   -755  -1020   -635
   -595   -755  -1020   -635
  -1295  -1260  -1240  -1295
  -1205  -1170  -1150  -1205
  -1215  -1060  -1160  -1095
  -1205  -1170  -1150  -1205
  -1060  -1025  -1005  -1060
  -1060  -1025  -1005  -1060
  -1060  -1025  -1005  -1060
  -1060  -1025  -1005  -1060
  -1065   -910  -1010   -945
  -1150  -1115  -1095  -1150
   -525   -490   -470   -525
  -1150  -1115  -1095  -1150
   -940   -905   -885   -940
   -940   -905   -885   -940
   -940   -905   -885   -940
   -940   -905   -885   -940
  -1665  -1110   -930   -990
  -1575  -1020   -840   -900
  -1585  -1025  -1470   -905
  -1575  -1020   -840   -900
  -1430   -875   -695   -755
  -1310   -875   -695   -755
  -1430   -875   -695   -755
  -1310   -875   -695   -755
  -1435   -875  -1320   -755
  -1520   -965   -785   -845
  -1520   -340  -1410   -220
  -1520   -965   -785   -845
  -1310   -755   -575   -635
  -1190   -755   -575   -635
  -1310   -755   -575   -635
  -1310   -755  -1200   -635
  -1295  -1260  -1240  -1015
  -1205  -1170  -1150  -1045
  -1215  -1060  -1160  -1050
  -1205  -1170  -1150  -1045
  -1060  -1025  -1005   -900
  -1060  -1025  -1005   -900
  -1060  -1025  -1005   -900
  -1060  -1025  -1005   -900
  -1065   -910  -1010   -900
  -1150  -1115  -1095   -990
   -525   -490   -470   -990
  -1150  -1115  -1095   -990
   -940   -905   -885   -780
   -940   -905   -885   -780
   -940   -905   -885   -780
   -940   -905   -885   -780
  -1215   -220   -485   -100
   -440   -475   -740   -355
   -610   -645   -910   -525
   -440   -475   -740   -355
   -425   -460   -725   -340
   -425   -460   -605   -340
   -425   -460   -725   -340
   -425   -460   -605   -340
   -775   -810  -1075   -690
   -520   -555   -820   -435
    105     70   -820    190
   -520   -555   -820   -435
   -845   -880  -1145   -760
   -845   -880  -1025   -760
   -845   -880  -1145   -760
   -725   -880  -1145   -760
   -410   -375   -355   -410
   -665   -630   -610   -665
   -835   -680   -780   -715
   -665   -630   -610   -665
   -650   -615   -595   -650
   -650   -615   -595   -650
   -650   -615   -595   -650
   -650   -615   -595   -650
  -1000   -845   -945   -880
   -745   -710   -690   -745
   -120    -85    -65   -120
   -745   -710   -690   -745
  -1070  -1035  -1015  -1070
  -1070  -1035  -1015  -1070
  -1070  -1035  -1015  -1070
  -1070  -1035  -1015  -1070
   -780   -220    -40   -100
  -1035   -475   -295   -355
  -1205   -645  -1090   -525
  -1035   -475   -295   -355
  -1020   -460   -280   -340
   -900   -460   -280   -340
  -1020   -460   -280   -340
   -900   -460   -280   -340
  -1370   -810  -1255   -690
  -1115   -555   -375   -435
  -1115     70  -1000    190
  -1115   -555   -375   -435
  -1440   -880   -700   -760
  -1320   -880   -700   -760
  -1440   -880   -700   -760
  -1440   -880  -1325   -760
   -410   -375   -355   -125
   -665   -630   -610   -500
   -835   -680   -780   -670
   -665   -630   -610   -500
   -650   -615   -595   -485
   -650   -615   -595   -485
   -650   -615   -595   -485
   -650   -615   -595   -485
  -1000   -845   -945   -835
   -745   -710   -690   -580
   -120    -85    -65   -580
   -745   -710   -690   -580
  -1070  -1035  -1015   -905
  -1070  -1035  -1015   -905
  -1070  -1035  -1015   -905
  -1070  -1035  -1015   -905
    190    155   -110    275
     35      0   -265    120
   -500   -540   -805   -420
     35      0   -265    120
    105     70   -195    190
    100     65    -80    185
    105     70   -195    190
    100     65    -80    185
   -375   -415   -680   -295
     70     35   -230    155
    495    455   -435    575
     70     35   -230    155
     60     25   -240    145
     55     20   -125    140
     60     25   -240    145
   -310   -470   -735   -350
    -35      5     20    -30
   -185   -150   -130   -185
   -725   -570   -670   -605
   -185   -150   -130   -185
   -120    -85    -65   -120
   -120    -85    -65   -120
   -120    -85    -65   -120
   -120    -85    -65   -120
   -600   -445   -545   -480
   -150   -115    -95   -150
    270    305    325    270
   -150   -115    -95   -150
   -165   -130   -110   -165
   -165   -130   -110   -165
   -165   -130   -110   -165
   -655   -620   -600   -655
   -400    155    335    275
   -555      0    180    120
  -1095   -540   -985   -420
   -555      0    180    120
   -490     70    250    190
   -370     65    245    185
   -490     70    250    190
   -370     65    245    185
   -970   -415   -860   -295
   -520     35    215    155
   -725    455   -615    575
   -520     35    215    155
   -535     25    205    145
   -415     20    200    140
   -535     25    205    145
  -1025   -470   -915   -350
    -35      5     20    250
   -185   -150   -130    -25
   -725   -570   -670   -565
   -185   -150   -130    -25
   -120    -85    -65     45
   -120    -85    -65     40
   -120    -85    -65     45
   -120    -85    -65     40
   -600   -445   -545   -440
   -150   -115    -95     10
    270    305    325   -195
   -150   -115    -95     10
   -165   -130   -110      0
   -165   -130   -110     -5
   -165   -130   -110      0
   -655   -620   -600   -495
    140    100   -160    220
      0    -40   -300     80
   -560   -600   -865   -480
      0    -40   -300     80
     90     50   -210    170
     90     50    -90    170
     90     50   -210    170
     25    -15   -155    105
   -790   -830  -1095   -710
    -80   -120   -380      0
    385    350   -540    470
    -80   -120   -380      0
   -330   -370   -630   -250
   -550   -585   -730   -465
   -330   -370   -630   -250
   -680   -835  -1100   -715
    -85    -50    -30    -85
   -225   -190   -170   -225
   -785   -630   -730   -665
   -225   -190   -170   -225
   -135   -100    -80   -135
   -135   -100    -80   -135
   -135   -100    -80   -135
   -200   -165   -145   -200
  -1015   -860   -960   -895
   -305   -270   -250   -305
    160    195    215    160
   -305   -270   -250   -305
   -555   -520   -500   -555
   -775   -740   -720   -775
   -555   -520   -500   -555
  -1025   -990   -970  -1025
   -455    100    285    220
   -595    -40    145     80
  -1155   -600  -1045   -480
   -595    -40    145     80
   -505     50    235    170
   -385     50    235    170
   -505     50    235    170
   -450    -15    170    105
  -1385   -830  -1275   -710
   -675   -120     65      0
   -835    350   -720    470
   -675   -120     65      0
   -925   -370   -185   -250
  -1025   -585   -405   -465
   -925   -370   -185   -250
  -1395   -835  -1280   -715
    -85    -50    -30    195
   -225   -190   -170    -60
   -785   -630   -730   -625
   -225   -190   -170    -60
   -135   -100    -80     30
   -135   -100    -80     30
   -135   -100    -80     30
   -200   -165   -145    -35
  -1015   -860   -960   -855
   -305   -270   -250   -140
    160    195    215   -300
   -305   -270   -250   -140
   -555   -520   -500   -390
   -775   -740   -720   -610
   -555   -520   -500   -390
  -1025   -990   -970   -860
  -1065   -840   -840   -720
  -1230   -995   -995   -875
  -1180   -945   -950   -825
  -1230   -995   -995   -875
   -980   -745   -750   -625
   -985   -750   -630   -630
   -980   -745   -750   -625
  -1010   -775   -655   -655
  -1330  -1095  -1095   -975
  -1235  -1000  -1000   -880
   -910   -675  -1300   -555
  -1235  -1000  -1000   -880
  -1020   -785   -790   -665
   -995   -760   -640   -640
  -1020   -785   -790   -665
  -1295  -1180  -1185  -1060
   -985   -840   -930   -720
  -1140   -995  -1085   -875
  -1090   -825  -1035   -705
  -1140   -995  -1085   -875
   -890   -745   -835   -625
   -895   -750   -840   -630
   -890   -745   -835   -625
   -920   -775   -865   -655
  -1240   -975  -1185   -855
  -1145  -1000  -1090   -880
   -820   -675   -765   -555
  -1145  -1000  -1090   -880
   -930   -785   -875   -665
   -905   -760   -850   -640
   -930   -785   -875   -665
  -1325  -1180  -1270  -1060
   -990   -840   -305   -720
  -1145   -995   -460   -875
  -1100   -945  -1035   -825
  -1145   -995   -460   -875
   -900   -745   -210   -625
   -780   -750   -215   -630
   -900   -745   -210   -625
   -805   -775   -240   -655
  -1245  -1095  -1185   -975
  -1150  -1000   -465   -880
  -1450   -675  -1390   -555
  -1150  -1000   -465   -880
   -940   -785   -250   -665
   -790   -760   -225   -640
   -940   -785   -250   -665
  -1335  -1180  -1270  -1060
   -985   -840   -930   -600
  -1140   -995  -1085   -875
  -1090   -825  -1035   -825
  -1140   -995  -1085   -875
   -890   -745   -835   -625
   -895   -750   -840   -630
   -890   -745   -835   -625
   -920   -775   -865   -655
  -1240   -975  -1185   -975
  -1145  -1000  -1090   -880
   -820   -675   -765  -1180
  -1145  -1000  -1090   -880
   -930   -785   -875   -665
   -905   -760   -850   -640
   -930   -785   -875   -665
  -1325  -1180  -1270  -1060
  -1070   -835   -840   -715
  -1295  -1060  -1065   -940
  -1665  -1430  -1435  -1310
  -1295  -1060  -1065   -940
  -1110   -875   -875   -755
  -1260  -1025   -910   -905
  -1110   -875   -875   -755
  -1260  -1025   -910   -905
  -1375  -1140  -1140  -1020
  -1240  -1005  -1010   -885
   -930   -695  -1320   -575
  -1240  -1005  -1010   -885
   -990   -755   -755   -635
  -1295  -1060   -945   -940
   -990   -755   -755   -635
  -1015   -900   -900   -780
   -980   -835   -925   -715
  -1205  -1060  -1150   -940
  -1575  -1310  -1520  -1190
  -1205  -1060  -1150   -940
  -1020   -875   -965   -755
  -1170  -1025  -1115   -905
  -1020   -875   -965   -755
  -1170  -1025  -1115   -905
  -1285  -1020  -1230   -900
  -1150  -1005  -1095   -885
   -840   -695   -785   -575
  -1150  -1005  -1095   -885
   -900   -755   -845   -635
  -1205  -1060  -1150   -940
   -900   -755   -845   -635
  -1045   -900   -990   -780
   -990   -835   -300   -715
  -1215  -1060   -525   -940
  -1585  -1430  -1520  -1310
  -1215  -1060   -525   -940
  -1025   -875   -340   -755
  -1060  -1025   -490   -905
  -1025   -875   -340   -755
  -1060  -1025   -490   -905
  -1290  -1140  -1230  -1020
  -1160  -1005   -470   -885
  -1470   -695  -1410   -575
  -1160  -1005   -470   -885
   -905   -755   -220   -635
  -1095  -1060   -525   -940
   -905   -755   -220   -635
  -1050   -900   -990   -780
   -980   -835   -925   -595
  -1205  -1060  -1150   -940
  -1575  -1310  -1520  -1310
  -1205  -1060  -1150   -940
  -1020   -875   -965   -755
  -1170  -1025  -1115   -905
  -1020   -875   -965   -755
  -1170  -1025  -1115   -905
  -1285  -1020  -1230  -1020
  -1150  -1005  -1095   -885
   -840   -695   -785  -1200
  -1150  -1005  -1095   -885
   -900   -755   -845   -635
  -1205  -1060  -1150   -940
   -900   -755   -845   -635
  -1045   -900   -990   -780
  -1460  -1225  -1225  -1105
  -1370  -1135  -1135  -1015
  -1375  -1140  -1145  -1020
  -1370  -1135  -1135  -1015
  -1225   -990   -990   -870
  -1225   -990   -870   -870
  -1225   -990   -990   -870
  -1225   -990   -870   -870
  -1225   -990   -995   -870
  -1315  -1080  -1080   -960
   -690   -455  -1080   -335
  -1315  -1080  -1080   -960
  -1105   -870   -870   -750
  -1105   -870   -750   -750
  -1105   -870   -870   -750
   -985   -870   -870   -750
  -1370  -1225  -1315  -1105
  -1280  -1135  -1225  -1015
  -1285  -1020  -1230   -900
  -1280  -1135  -1225  -1015
  -1135   -990  -1080   -870
  -1135   -990  -1080   -870
  -1135   -990  -1080   -870
  -1135   -990  -1080   -870
  -1135   -870  -1080   -750
  -1225  -1080  -1170   -960
   -600   -455   -545   -335
  -1225  -1080  -1170   -960
  -1015   -870   -960   -750
  -1015   -870   -960   -750
  -1015   -870   -960   -750
  -1015   -870   -960   -750
  -1375  -1225   -690  -1105
  -1285  -1135   -600  -1015
  -1295  -1140  -1230  -1020
  -1285  -1135   -600  -1015
  -1140   -990   -455   -870
  -1020   -990   -455   -870
  -1140   -990   -455   -870
  -1020   -990   -455   -870
  -1145   -990  -1080   -870
  -1230  -1080   -545   -960
  -1230   -455  -1170   -335
  -1230  -1080   -545   -960
  -1020   -870   -335   -750
   -900   -870   -335   -750
  -1020   -870   -335   -750
  -1020   -870   -960   -750
  -1370  -1225  -1315   -985
  -1280  -1135  -1225  -1015
  -1285  -1020  -1230  -1020
  -1280  -1135  -1225  -1015
  -1135   -990  -1080   -870
  -1135   -990  -1080   -870
  -1135   -990  -1080   -870
  -1135   -990  -1080   -870
  -1135   -870  -1080   -870
  -1225  -1080  -1170   -960
   -600   -455   -545   -960
  -1225  -1080  -1170   -960
  -1015   -870   -960   -750
  -1015   -870   -960   -750
  -1015   -870   -960   -750
  -1015   -870   -960   -750
    -70   -335      5   -215
   -825   -590   -595   -470
   -835   -760   -765   -640
   -825   -590   -595   -470
   -810   -575   -580   -455
   -810   -575   -460   -455
   -810   -575   -580   -455
   -810   -575   -460   -455
  -1160   -925   -930   -805
   -905   -670   -675   -550
   -280    -45   -675     75
   -905   -670   -675   -550
  -1230   -995  -1000   -875
  -1230   -995   -880   -875
  -1230   -995  -1000   -875
  -1110   -995  -1000   -875
   -480   -335   -425   -215
   -735   -590   -680   -470
   -905   -640   -850   -520
   -735   -590   -680   -470
   -720   -575   -665   -455
   -720   -575   -665   -455
   -720   -575   -665   -455
   -720   -575   -665   -455
  -1070   -805  -1015   -685
   -815   -670   -760   -550
   -190    -45   -135     75
   -815   -670   -760   -550
  -1140   -995  -1085   -875
  -1140   -995  -1085   -875
  -1140   -995  -1085   -875
  -1140   -995  -1085   -875
   -490   -335    200   -215
   -745   -590    -55   -470
  -1555   -760   -850   -640
   -745   -590    -55   -470
   -730   -575    -40   -455
   -610   -575    -40   -455
   -730   -575    -40   -455
   -610   -575    -40   -455
  -1080   -925  -1015   -805
   -825   -670   -135   -550
   -825    -45   -760     75
   -825   -670   -135   -550
  -1150   -995   -460   -875
  -1030   -995   -460   -875
  -1150   -995   -460   -875
  -1150   -995  -1085   -875
   -480   -335   -425    -95
   -735   -590   -680   -470
   -905   -640   -850   -640
   -735   -590   -680   -470
   -720   -575   -665   -455
   -720   -575   -665   -455
   -720   -575   -665   -455
   -720   -575   -665   -455
  -1070   -805  -1015   -805
   -815   -670   -760   -550
   -190    -45   -135   -550
   -815   -670   -760   -550
  -1140   -995  -1085   -875
  -1140   -995  -1085   -875
  -1140   -995  -1085   -875
  -1140   -995  -1085   -875
   -195     40     40    160
   -350   -115   -115      5
   -890   -655   -655   -535
   -350   -115   -115      5
   -280    -45    -50     75
   -285    -50     70     70
   -280    -45    -50     75
   -285    -50     70     70
   -765   -530   -530   -410
   -315    -80    -80     40
    105    340   -285    460
   -315    -80    -80     40
   -325    -90    -95     30
   -330    -95     25     25
   -325    -90    -95     30
   -700   -585   -585   -465
   -105     40    -50    160
   -260   -115   -205      5
   -800   -535   -745   -415
   -260   -115   -205      5
   -190    -45   -135     75
   -195    -50   -140     70
   -190    -45   -135     75
   -195    -50   -140     70
   -675   -410   -620   -290
   -225    -80   -170     40
    195    340    250    460
   -225    -80   -170     40
   -235    -90   -180     30
   -240    -95   -185     25
   -235    -90   -180     30
   -730   -585   -675   -465
   -110     40    575    160
   -265   -115    420      5
   -805   -655   -745   -535
   -265   -115    420      5
   -200    -45    490     75
    -80    -50    485     70
   -200    -45    490     75
    -80    -50    485     70
   -680   -530   -620   -410
   -230    -80    455     40
   -435    340   -375    460
   -230    -80    455     40
   -245    -90    445     30
   -125    -95    440     25
   -245    -90    445     30
   -735   -585   -675   -465
   -105     40    -50    280
   -260   -115   -205      5
   -800   -535   -745   -535
   -260   -115   -205      5
   -190    -45   -135     75
   -195    -50   -140     70
   -190    -45   -135     75
   -195    -50   -140     70
   -675   -410   -620   -410
   -225    -80   -170     40
    195    340    250   -165
   -225    -80   -170     40
   -235    -90   -180     30
   -240    -95   -185     25
   -235    -90   -180     30
   -730   -585   -675   -465
   -245    -10    -15    110
   -385   -150   -155    -30
   -950   -715   -715   -595
   -385   -150   -155    -30
   -295    -60    -65     60
   -295    -60     55     60
   -295    -60    -65     60
   -360   -125    -10     -5
  -1180   -945   -945   -825
   -465   -230   -235   -110
      0    235   -395    355
   -465   -230   -235   -110
   -715   -480   -485   -360
   -935   -700   -585   -580
   -715   -480   -485   -360
  -1065   -950   -955   -830
   -155    -10   -100    110
   -295   -150   -240    -30
   -860   -595   -805   -475
   -295   -150   -240    -30
   -205    -60   -150     60
   -205    -60   -150     60
   -205    -60   -150     60
   -270   -125   -215     -5
  -1090   -825  -1035   -705
   -375   -230   -320   -110
     90    235    145    355
   -375   -230   -320   -110
   -625   -480   -570   -360
   -845   -700   -790   -580
   -625   -480   -570   -360
  -1095   -950  -1040   -830
   -165    -10    525    110
   -305   -150    385    -30
   -865   -715   -805   -595
   -305   -150    385    -30
   -215    -60    475     60
    -95    -60    475     60
   -215    -60    475     60
   -160   -125    410     -5
  -1095   -945  -1035   -825
   -385   -230    305   -110
   -545    235   -480    355
   -385   -230    305   -110
   -635   -480     55   -360
   -735   -700   -165   -580
   -635   -480     55   -360
  -1105   -950  -1040   -830
   -155    -10   -100    230
   -295   -150   -240    -30
   -860   -595   -805   -595
   -295   -150   -240    -30
   -205    -60   -150     60
   -205    -60   -150     60
   -205    -60   -150     60
   -270   -125   -215     -5
  -1090   -825  -1035   -825
   -375   -230   -320   -110
     90    235    145   -270
   -375   -230   -320   -110
   -625   -480   -570   -360
   -845   -700   -790   -580
   -625   -480   -570   -360
  -1095   -950  -1040   -830
   -185   -425   -775   -845
   -340   -580   -930  -1000
   -295   -535   -885   -955
   -340   -580   -930  -1000
    -95   -335   -685   -755
    -95   -335   -565   -755
    -95   -335   -685   -755
   -120   -360   -590   -780
   -440   -680  -1030  -1100
   -345   -585   -935  -1005
    -20   -260  -1235   -680
   -345   -585   -935  -1005
   -135   -375   -725   -795
   -110   -345   -575   -765
   -135   -375   -725   -795
   -410   -770  -1120  -1190
   -440   -425   -520   -845
   -595   -580   -675  -1000
   -550   -415   -630   -835
   -595   -580   -675  -1000
   -350   -335   -430   -755
   -350   -335   -430   -755
   -350   -335   -430   -755
   -375   -360   -455   -780
   -695   -560   -775   -980
   -600   -585   -680  -1005
   -275   -260   -355   -680
   -600   -585   -680  -1005
   -390   -375   -470   -795
   -360   -345   -440   -765
   -390   -375   -470   -795
   -785   -770   -865  -1190
   -610   -425    105   -845
   -765   -580    -50  -1000
   -720   -535   -630   -955
   -765   -580    -50  -1000
   -520   -335    195   -755
   -400   -335    195   -755
   -520   -335    195   -755
   -425   -360    170   -780
   -865   -680   -775  -1100
   -770   -585    -55  -1005
  -1070   -260   -980   -680
   -770   -585    -55  -1005
   -560   -375    155   -795
   -410   -345    185   -765
   -560   -375    155   -795
   -955   -770   -865  -1190
   -440   -425   -520   -725
   -595   -580   -675  -1000
   -550   -415   -630   -955
   -595   -580   -675  -1000
   -350   -335   -430   -755
   -350   -335   -430   -755
   -350   -335   -430   -755
   -375   -360   -455   -780
   -695   -560   -775  -1100
   -600   -585   -680  -1005
   -275   -260   -355  -1305
   -600   -585   -680  -1005
   -390   -375   -470   -795
   -360   -345   -440   -765
   -390   -375   -470   -795
   -785   -770   -865  -1190
  -1215   -425   -775   -845
   -410   -650  -1000  -1070
   -780  -1020  -1370  -1440
   -410   -650  -1000  -1070
   -220   -460   -810   -880
   -375   -615   -845  -1035
   -220   -460   -810   -880
   -375   -615   -845  -1035
   -485   -725  -1075  -1145
   -355   -595   -945  -1015
    -40   -280  -1255   -700
   -355   -595   -945  -1015
   -100   -340   -690   -760
   -410   -650   -880  -1070
   -100   -340   -690   -760
   -125   -485   -835   -905
   -440   -425   -520   -845
   -665   -650   -745  -1070
  -1035   -900  -1115  -1320
   -665   -650   -745  -1070
   -475   -460   -555   -880
   -630   -615   -710  -1035
   -475   -460   -555   -880
   -630   -615   -710  -1035
   -740   -605   -820  -1025
   -610   -595   -690  -1015
   -295   -280   -375   -700
   -610   -595   -690  -1015
   -355   -340   -435   -760
   -665   -650   -745  -1070
   -355   -340   -435   -760
   -500   -485   -580   -905
   -610   -425    105   -845
   -835   -650   -120  -1070
  -1205  -1020  -1115  -1440
   -835   -650   -120  -1070
   -645   -460     70   -880
   -680   -615    -85  -1035
   -645   -460     70   -880
   -680   -615    -85  -1035
   -910   -725   -820  -1145
   -780   -595    -65  -1015
  -1090   -280  -1000   -700
   -780   -595    -65  -1015
   -525   -340    190   -760
   -715   -650   -120  -1070
   -525   -340    190   -760
   -670   -485   -580   -905
   -440   -425   -520   -725
   -665   -650   -745  -1070
  -1035   -900  -1115  -1440
   -665   -650   -745  -1070
   -475   -460   -555   -880
   -630   -615   -710  -1035
   -475   -460   -555   -880
   -630   -615   -710  -1035
   -740   -605   -820  -1145
   -610   -595   -690  -1015
   -295   -280   -375  -1325
   -610   -595   -690  -1015
   -355   -340   -435   -760
   -665   -650   -745  -1070
   -355   -340   -435   -760
   -500   -485   -580   -905
    -70   -810  -1160  -1230
   -480   -720  -1070  -1140
   -490   -730  -1080  -1150
   -480   -720  -1070  -1140
   -335   -575   -925   -995
   -335   -575   -805   -995
   -335   -575   -925   -995
   -335   -575   -805   -995
      5   -580   -930  -1000
   -425   -665  -1015  -1085
    200    -40  -1015   -460
   -425   -665  -1015  -1085
   -215   -455   -805   -875
   -215   -455   -685   -875
   -215   -455   -805   -875
    -95   -455   -805   -875
   -825   -810   -905  -1230
   -735   -720   -815  -1140
   -745   -610   -825  -1030
   -735   -720   -815  -1140
   -590   -575   -670   -995
   -590   -575   -670   -995
   -590   -575   -670   -995
   -590   -575   -670   -995
   -595   -460   -675   -880
   -680   -665   -760  -1085
    -55    -40   -135   -460
   -680   -665   -760  -1085
   -470   -455   -550   -875
   -470   -455   -550   -875
   -470   -455   -550   -875
   -470   -455   -550   -875
   -835   -810   -280  -1230
   -905   -720   -190  -1140
  -1555   -730   -825  -1150
   -905   -720   -190  -1140
   -760   -575    -45   -995
   -640   -575    -45   -995
   -760   -575    -45   -995
   -640   -575    -45   -995
   -765   -580   -675  -1000
   -850   -665   -135  -1085
   -850    -40   -760   -460
   -850   -665   -135  -1085
   -640   -455     75   -875
   -520   -455     75   -875
   -640   -455     75   -875
   -640   -455   -550   -875
   -825   -810   -905  -1110
   -735   -720   -815  -1140
   -745   -610   -825  -1150
   -735   -720   -815  -1140
   -590   -575   -670   -995
   -590   -575   -670   -995
   -590   -575   -670   -995
   -590   -575   -670   -995
   -595   -460   -675  -1000
   -680   -665   -760  -1085
    -55    -40   -135  -1085
   -680   -665   -760  -1085
   -470   -455   -550   -875
   -470   -455   -550   -875
   -470   -455   -550   -875
   -470   -455   -550   -875
    315     75   -275   -345
     60   -180   -530   -600
   -110   -350   -700   -770
     60   -180   -530   -600
     75   -165   -515   -585
     75   -165   -395   -585
     75   -165   -515   -585
     75   -165   -395   -585
   -275   -515   -865   -935
    -20   -260   -610   -680
    605    365   -610    -55
    -20   -260   -610   -680
   -345   -585   -935  -1005
   -345   -585   -815  -1005
   -345   -585   -935  -1005
   -225   -585   -935  -1005
     60     75    -20   -345
   -195   -180   -275   -600
   -365   -230   -445   -650
   -195   -180   -275   -600
   -180   -165   -260   -585
   -180   -165   -260   -585
   -180   -165   -260   -585
   -180   -165   -260   -585
   -530   -395   -610   -815
   -275   -260   -355   -680
    350    365    270    -55
   -275   -260   -355   -680
   -600   -585   -680  -1005
   -600   -585   -680  -1005
   -600   -585   -680  -1005
   -600   -585   -680  -1005
   -110     75    605   -345
   -365   -180    350   -600
   -535   -350   -445   -770
   -365   -180    350   -600
   -350   -165    365   -585
   -230   -165    365   -585
   -350   -165    365   -585
   -230   -165    365   -585
   -700   -515   -610   -935
   -445   -260    270   -680
   -445    365   -355    -55
   -445   -260    270   -680
   -770   -585    -55  -1005
   -650   -585    -55  -1005
   -770   -585    -55  -1005
   -770   -585   -680  -1005
     60     75    -20   -225
   -195   -180   -275   -600
   -365   -230   -445   -770
   -195   -180   -275   -600
   -180   -165   -260   -585
   -180   -165   -260   -585
   -180   -165   -260   -585
   -180   -165   -260   -585
   -530   -395   -610   -935
   -275   -260   -355   -680
    350    365    270   -680
   -275   -260   -355   -680
   -600   -585   -680  -1005
   -600   -585   -680  -1005
   -600   -585   -680  -1005
   -600   -585   -680  -1005
    690    450    105     30
    535    300    -50   -120
      0   -240   -590   -660
    535    300    -50   -120
    605    365     15    -55
    600    365    135    -55
    605    365     15    -55
    600    365    135    -55
    125   -115   -465   -535
    570    335    -15    -85
    990    755   -220    335
    570    335    -15    -85
    560    320    -30   -100
    555    320     90   -100
    560    320    -30   -100
    190   -170   -520   -590
    435    450    355     30
    285    300    205   -120
   -255   -120   -335   -540
    285    300    205   -120
    350    365    270    -55
    350    365    270    -55
    350    365    270    -55
    350    365    270    -55
   -130      5   -210   -415
    320    335    240    -85
    740    755    660    335
    320    335    240    -85
    305    320    225   -100
    305    320    225   -100
    305    320    225   -100
   -185   -170   -265   -590
    270    450    980     30
    115    300    830   -120
   -425   -240   -335   -660
    115    300    830   -120
    180    365    895    -55
    300    365    895    -55
    180    365    895    -55
    300    365    895    -55
   -300   -115   -210   -535
    150    335    865    -85
    -55    755     35    335
    150    335    865    -85
    135    320    850   -100
    255    320    850   -100
    135    320    850   -100
   -355   -170   -265   -590
    435    450    355    150
    285    300    205   -120
   -255   -120   -335   -660
    285    300    205   -120
    350    365    270    -55
    350    365    270    -55
    350    365    270    -55
    350    365    270    -55
   -130      5   -210   -535
    320    335    240    -85
    740    755    660   -290
    320    335    240    -85
    305    320    225   -100
    305    320    225   -100
    305    320    225   -100
   -185   -170   -265   -590
    640    400     50    -20
    500    260    -90   -160
    -60   -300   -650   -720
    500    260    -90   -160
    590    350      0    -70
    590    350    120    -70
    590    350      0    -70
    525    285     55   -135
   -290   -530   -880   -950
    420    180   -170   -240
    885    645   -330    225
    420    180   -170   -240
    170    -70   -420   -490
    -50   -290   -520   -710
    170    -70   -420   -490
   -180   -540   -890   -960
    385    400    305    -20
    245    260    165   -160
   -315   -180   -395   -600
    245    260    165   -160
    335    350    255    -70
    335    350    255    -70
    335    350    255    -70
    270    285    190   -135
   -545   -410   -625   -830
    165    180     85   -240
    630    645    550    225
    165    180     85   -240
    -85    -70   -165   -490
   -305   -290   -385   -710
    -85    -70   -165   -490
   -555   -540   -635   -960
    215    400    930    -20
     75    260    790   -160
   -485   -300   -395   -720
     75    260    790   -160
    165    350    880    -70
    285    350    880    -70
    165    350    880    -70
    220    285    815   -135
   -715   -530   -625   -950
     -5    180    710   -240
   -165    645    -75    225
     -5    180    710   -240
   -255    -70    460   -490
   -355   -290    240   -710
   -255    -70    460   -490
   -725   -540   -635   -960
    385    400    305    100
    245    260    165   -160
   -315   -180   -395   -720
    245    260    165   -160
    335    350    255    -70
    335    350    255    -70
    335    350    255    -70
    270    285    190   -135
   -545   -410   -625   -950
    165    180     85   -240
    630    645    550   -400
    165    180     85   -240
    -85    -70   -165   -490
   -305   -290   -385   -710
    -85    -70   -165   -490
   -555   -540   -635   -960
    190    100   -380     55
     35    -50   -535    -95
     80     -5   -485    -50
     35    -50   -535    -95
    280    195   -285    150
    280    190   -170    145
    280    195   -285    150
    255    165   -195    120
    -65   -150   -635   -195
     30    -55   -540   -100
    355    270   -840    225
     30    -55   -540   -100
    240    155   -325    110
    270    180   -180    135
    240    155   -325    110
    -30   -240   -720   -285
     35    100     70     55
   -120    -55    -85   -100
    -70    115    -35     70
   -120    -55    -85   -100
    125    190    160    145
    125    190    160    145
    125    190    160    145
    100    165    135    120
   -220    -35   -185    -80
   -125    -60    -90   -105
    200    265    235    220
   -125    -60    -90   -105
     85    150    120    105
    115    180    150    135
     85    150    120    105
   -305   -240   -270   -285
   -505    100    490     55
   -660    -50    335    -95
   -610     -5   -240    -50
   -660    -50    335    -95
   -410    195    585    150
   -295    190    580    145
   -410    195    585    150
   -320    165    555    120
   -760   -150   -390   -195
   -665    -55    330   -100
   -965    270   -595    225
   -665    -55    330   -100
   -450    155    545    110
   -305    180    570    135
   -450    155    545    110
   -845   -240   -475   -285
     35    100     70   -315
   -120    -55    -85   -590
    -70    115    -35   -540
   -120    -55    -85   -590
    125    190    160   -340
    125    190    160   -345
    125    190    160   -340
    100    165    135   -370
   -220    -35   -185   -690
   -125    -60    -90   -595
    200    265    235   -895
   -125    -60    -90   -595
     85    150    120   -380
    115    180    150   -355
     85    150    120   -380
   -305   -240   -270   -775
    190    105   -375     60
    -35   -120   -600   -165
   -400   -490   -970   -535
    -35   -120   -600   -165
    155     70   -415     25
      5    -85   -445   -130
    155     70   -415     25
      5    -85   -445   -130
   -110   -195   -680   -240
     20    -65   -545   -110
    335    250   -860    205
     20    -65   -545   -110
    275    190   -295    145
    -30   -120   -480   -165
    275    190   -295    145
    250     45   -440      0
     35    100     70     55
   -185   -120   -150   -165
   -555   -370   -520   -415
   -185   -120   -150   -165
      0     65     35     20
   -150    -85   -115   -130
      0     65     35     20
   -150    -85   -115   -130
   -265    -80   -230   -125
   -130    -65    -95   -110
    180    245    215    200
   -130    -65    -95   -110
    120    185    155    140
   -185   -120   -150   -165
    120    185    155    140
    -25     40     10     -5
   -500    105    495     60
   -725   -120    270   -165
  -1095   -490   -725   -535
   -725   -120    270   -165
   -540     70    455     25
   -570    -85    305   -130
   -540     70    455     25
   -570    -85    305   -130
   -805   -195   -435   -240
   -670    -65    325   -110
   -985    250   -615    205
   -670    -65    325   -110
   -420    190    575    145
   -605   -120    270   -165
   -420    190    575    145
   -565     45   -195      0
     35    100     70   -310
   -185   -120   -150   -655
   -555   -370   -520  -1025
   -185   -120   -150   -655
      0     65     35   -470
   -150    -85   -115   -620
      0     65     35   -470
   -150    -85   -115   -620
   -265    -80   -230   -735
   -130    -65    -95   -600
    180    245    215   -915
   -130    -65    -95   -600
    120    185    155   -350
   -185   -120   -150   -655
    120    185    155   -350
    -25     40     10   -495
   -195   -280   -765   -325
   -105   -190   -675   -235
   -110   -200   -680   -245
   -105   -190   -675   -235
     40    -45   -530    -90
     40    -45   -410    -90
     40    -45   -530    -90
     40    -45   -410    -90
     40    -50   -530    -95
    -50   -135   -620   -180
    575    490   -620    445
    -50   -135   -620   -180
    160     75   -410     30
    160     75   -290     30
    160     75   -410     30
    280     75   -410     30
   -350   -285   -315   -330
   -260   -195   -225   -240
   -265    -80   -230   -125
   -260   -195   -225   -240
   -115    -50    -80    -95
   -115    -50    -80    -95
   -115    -50    -80    -95
   -115    -50    -80    -95
   -115     70    -80     25
   -205   -140   -170   -185
    420    485    455    440
   -205   -140   -170   -185
      5     70     40     25
      5     70     40     25
      5     70     40     25
      5     70     40     25
   -890   -280    105   -325
   -800   -190    195   -235
   -805   -200   -435   -245
   -800   -190    195   -235
   -655    -45    340    -90
   -535    -45    340    -90
   -655    -45    340    -90
   -535    -45    340    -90
   -655    -50   -285    -95
   -745   -135    250   -180
   -745    490   -375    445
   -745   -135    250   -180
   -535     75    460     30
   -415     75    460     30
   -535     75    460     30
   -535     75   -165     30
   -350   -285   -315   -700
   -260   -195   -225   -730
   -265    -80   -230   -735
   -260   -195   -225   -730
   -115    -50    -80   -585
   -115    -50    -80   -585
   -115    -50    -80   -585
   -115    -50    -80   -585
   -115     70    -80   -585
   -205   -140   -170   -675
    420    485    455   -675
   -205   -140   -170   -675
      5     70     40   -465
      5     70     40   -465
      5     70     40   -465
      5     70     40   -465
    690    605    125    560
    435    350   -130    305
    270    180   -300    135
    435    350   -130    305
    450    365   -115    320
    450    365      5    320
    450    365   -115    320
    450    365      5    320
    105     15   -465    -30
    355    270   -210    225
    980    895   -210    850
    355    270   -210    225
     30    -55   -535   -100
     30    -55   -415   -100
     30    -55   -535   -100
    150    -55   -535   -100
    535    600    570    555
    285    350    320    305
    115    300    150    255
    285    350    320    305
    300    365    335    320
    300    365    335    320
    300    365    335    320
    300    365    335    320
    -50    135    -15     90
    205    270    240    225
    830    895    865    850
    205    270    240    225
   -120    -55    -85   -100
   -120    -55    -85   -100
   -120    -55    -85   -100
   -120    -55    -85   -100
      0    605    990    560
   -255    350    740    305
   -425    180    -55    135
   -255    350    740    305
   -240    365    755    320
   -120    365    755    320
   -240    365    755    320
   -120    365    755    320
   -590     15   -220    -30
   -335    270    660    225
   -335    895     35    850
   -335    270    660    225
   -660    -55    335   -100
   -540    -55    335   -100
   -660    -55    335   -100
   -660    -55   -290   -100
    535    600    570    190
    285    350    320   -185
    115    300    150   -355
    285    350    320   -185
    300    365    335   -170
    300    365    335   -170
    300    365    335   -170
    300    365    335   -170
    -50    135    -15   -520
    205    270    240   -265
    830    895    865   -265
    205    270    240   -265
   -120    -55    -85   -590
   -120    -55    -85   -590
   -120    -55    -85   -590
   -120    -55    -85   -590
   1070    980    500    935
    915    825    345    780
    375    290   -195    245
    915    825    345    780
    980    895    415    850
    980    890    530    845
    980    895    415    850
    980    890    530    845
    500    415    -70    370
    950    860    380    815
   1370   1280    175   1235
    950    860    380    815
    935    850    370    805
    935    845    485    800
    935    850    370    805
    565    360   -125    315
    915    980    950    935
    760    825    795    780
    220    405    255    360
    760    825    795    780
    825    890    860    845
    825    890    860    845
    825    890    860    845
    825    890    860    845
    345    530    380    485
    795    860    830    815
   1215   1280   1250   1235
    795    860    830    815
    780    845    815    800
    780    845    815    800
    780    845    815    800
    290    355    325    310
    375    980   1370    935
    220    825   1215    780
   -320    290     50    245
    220    825   1215    780
    290    895   1280    850
    405    890   1280    845
    290    895   1280    850
    405    890   1280    845
   -195    415    175    370
    255    860   1250    815
     50   1280    420   1235
    255    860   1250    815
    245    850   1235    805
    360    845   1235    800
    245    850   1235    805
   -250    360    120    315
    915    980    950    565
    760    825    795    290
    220    405    255   -250
    760    825    795    290
    825    890    860    360
    825    890    860    355
    825    890    860    360
    825    890    860    355
    345    530    380   -125
    795    860    830    325
   1215   1280   1250    120
    795    860    830    325
    780    845    815    315
    780    845    815    310
    780    845    815    315
    290    355    325   -180
   1015    930    445    885
    875    790    310    745
    315    230   -255    185
    875    790    310    745
    965    880    395    835
    965    880    515    835
    965    880    395    835
    900    815    455    770
     85      0   -485    -45
    795    710    230    665
   1260   1175     70   1130
    795    710    230    665
    545    460    -25    415
    325    240   -120    195
    545    460    -25    415
    195    -10   -490    -55
    860    925    895    880
    720    785    755    740
    160    345    195    300
    720    785    755    740
    810    875    845    830
    810    875    845    830
    810    875    845    830
    745    810    780    765
    -70    115    -35     70
    640    705    675    660
   1105   1170   1140   1125
    640    705    675    660
    390    455    425    410
    170    235    205    190
    390    455    425    410
    -80    -15    -45    -60
    320    930   1315    885
    185    790   1175    745
   -380    230    -10    185
    185    790   1175    745
    275    880   1265    835
    395    880   1265    835
    275    880   1265    835
    330    815   1200    770
   -610      0   -240    -45
    105    710   1095    665
    -55   1175    310   1130
    105    710   1095    665
   -145    460    845    415
   -245    240    625    195
   -145    460    845    415
   -615    -10   -245    -55
    860    925    895    510
    720    785    755    255
    160    345    195   -310
    720    785    755    255
    810    875    845    345
    810    875    845    345
    810    875    845    345
    745    810    780    280
    -70    115    -35   -540
    640    705    675    175
   1105   1170   1140     15
    640    705    675    175
    390    455    425    -75
    170    235    205   -295
    390    455    425    -75
    -80    -15    -45   -545
    135     85   -795   -335
    -20    -70   -950   -490
     30    -20   -900   -440
    -20    -70   -950   -490
    230    180   -700   -240
    225    175   -585   -245
    230    180   -700   -240
    200    150   -610   -270
   -120   -165  -1050   -585
    -25    -75   -955   -495
    305    255  -1255   -165
    -25    -75   -955   -495
    190    140   -740   -280
    215    165   -595   -255
    190    140   -740   -280
    -85   -255  -1135   -675
     -5     85    -85   -550
   -155    -70   -235   -705
   -110    100   -190   -540
   -155    -70   -235   -705
     90    180     10   -460
     85    175      5   -465
     90    180     10   -460
     60    150    -20   -490
   -255    -45   -335   -685
   -160    -75   -240   -710
    165    255     85   -385
   -160    -75   -240   -710
     50    140    -30   -500
     75    165     -5   -475
     50    140    -30   -500
   -345   -255   -425   -895
   -565     85    385   -335
   -720    -70    230   -490
   -670    -20   -350   -440
   -720    -70    230   -490
   -470    180    475   -240
   -355    175    470   -245
   -470    180    475   -240
   -380    150    450   -270
   -820   -165   -495   -585
   -725    -75    225   -495
  -1025    255   -700   -165
   -725    -75    225   -495
   -510    140    435   -280
   -365    165    460   -255
   -510    140    435   -280
   -905   -255   -585   -675
     -5     20    -85   -680
   -155   -130   -235   -955
   -110     35   -190   -910
   -155   -130   -235   -955
     90    115     10   -710
     85    110      5   -710
     90    115     10   -710
     60     85    -20   -735
   -255   -110   -335  -1055
   -160   -135   -240   -960
    165    190     85  -1260
   -160   -135   -240   -960
     50     75    -30   -750
     75    100     -5   -720
     50     75    -30   -750
   -345   -320   -425  -1145
    140     90   -790   -330
    -85   -135  -1015   -555
   -455   -505  -1385   -925
    -85   -135  -1015   -555
    100     50   -830   -370
    -50   -100   -860   -520
    100     50   -830   -370
    -50   -100   -860   -520
   -160   -210  -1095   -630
    -30    -80   -960   -500
    285    235  -1275   -185
    -30    -80   -960   -500
    220    170   -710   -250
    -85   -135   -895   -555
    220    170   -710   -250
    195     30   -855   -390
      0     90    -80   -550
   -225   -135   -305   -775
   -595   -385   -675  -1025
   -225   -135   -305   -775
    -40     50   -120   -585
   -190   -100   -270   -740
    -40     50   -120   -585
   -190   -100   -270   -740
   -300    -90   -380   -730
   -170    -80   -250   -720
    145    235     65   -405
   -170    -80   -250   -720
     80    170      0   -465
   -225   -135   -305   -775
     80    170      0   -465
    -60     30   -140   -610
   -560     90    385   -330
   -785   -135    160   -555
  -1155   -505   -835   -925
   -785   -135    160   -555
   -600     50    350   -370
   -630   -100    195   -520
   -600     50    350   -370
   -630   -100    195   -520
   -865   -210   -540   -630
   -730    -80    215   -500
  -1045    235   -720   -185
   -730    -80    215   -500
   -480    170    470   -250
   -665   -135    160   -555
   -480    170    470   -250
   -625     30   -300   -390
      0     25    -80   -680
   -225   -200   -305  -1025
   -595   -450   -675  -1395
   -225   -200   -305  -1025
    -40    -15   -120   -835
   -190   -165   -270   -990
    -40    -15   -120   -835
   -190   -165   -270   -990
   -300   -155   -380  -1100
   -170   -145   -250   -970
    145    170     65  -1280
   -170   -145   -250   -970
     80    105      0   -715
   -225   -200   -305  -1025
     80    105      0   -715
    -60    -35   -140   -860
   -245   -295  -1180   -715
   -155   -205  -1090   -625
   -165   -215  -1095   -635
   -155   -205  -1090   -625
    -10    -60   -945   -480
    -10    -60   -825   -480
    -10    -60   -945   -480
    -10    -60   -825   -480
    -15    -65   -945   -485
   -100   -150  -1035   -570
    525    475  -1035     55
   -100   -150  -1035   -570
    110     60   -825   -360
    110     60   -705   -360
    110     60   -825   -360
    230     60   -825   -360
   -385   -295   -465   -935
   -295   -205   -375   -845
   -305    -95   -385   -735
   -295   -205   -375   -845
   -150    -60   -230   -700
   -150    -60   -230   -700
   -150    -60   -230   -700
   -150    -60   -230   -700
   -155     55   -235   -585
   -240   -150   -320   -790
    385    475    305   -165
   -240   -150   -320   -790
    -30     60   -110   -580
    -30     60   -110   -580
    -30     60   -110   -580
    -30     60   -110   -580
   -950   -295      0   -715
   -860   -205     90   -625
   -865   -215   -545   -635
   -860   -205     90   -625
   -715    -60    235   -480
   -595    -60    235   -480
   -715    -60    235   -480
   -595    -60    235   -480
   -715    -65   -395   -485
   -805   -150    145   -570
   -805    475   -480     55
   -805   -150    145   -570
   -595     60    355   -360
   -475     60    355   -360
   -595     60    355   -360
   -595     60   -270   -360
   -385   -360   -465  -1065
   -295   -270   -375  -1095
   -305   -160   -385  -1105
   -295   -270   -375  -1095
   -150   -125   -230   -950
   -150   -125   -230   -950
   -150   -125   -230   -950
   -150   -125   -230   -950
   -155    -10   -235   -955
   -240   -215   -320  -1040
    385    410    305  -1040
   -240   -215   -320  -1040
    -30     -5   -110   -830
    -30     -5   -110   -830
    -30     -5   -110   -830
    -30     -5   -110   -830
    640    590   -290    170
    385    335   -545    -85
    215    165   -715   -255
    385    335   -545    -85
    400    350   -530    -70
    400    350   -410    -70
    400    350   -530    -70
    400    350   -410    -70
     50      0   -880   -420
    305    255   -625   -165
    930    880   -625    460
    305    255   -625   -165
    -20    -70   -950   -490
    -20    -70   -830   -490
    -20    -70   -950   -490
    100    -70   -950   -490
    500    590    420    -50
    245    335    165   -305
     75    285     -5   -355
    245    335    165   -305
    260    350    180   -290
    260    350    180   -290
    260    350    180   -290
    260    350    180   -290
    -90    120   -170   -520
    165    255     85   -385
    790    880    710    240
    165    255     85   -385
   -160    -70   -240   -710
   -160    -70   -240   -710
   -160    -70   -240   -710
   -160    -70   -240   -710
    -60    590    885    170
   -315    335    630    -85
   -485    165   -165   -255
   -315    335    630    -85
   -300    350    645    -70
   -180    350    645    -70
   -300    350    645    -70
   -180    350    645    -70
   -650      0   -330   -420
   -395    255    550   -165
   -395    880    -75    460
   -395    255    550   -165
   -720    -70    225   -490
   -600    -70    225   -490
   -720    -70    225   -490
   -720    -70   -400   -490
    500    525    420   -180
    245    270    165   -555
     75    220     -5   -725
    245    270    165   -555
    260    285    180   -540
    260    285    180   -540
    260    285    180   -540
    260    285    180   -540
    -90     55   -170   -890
    165    190     85   -635
    790    815    710   -635
    165    190     85   -635
   -160   -135   -240   -960
   -160   -135   -240   -960
   -160   -135   -240   -960
   -160   -135   -240   -960
   1015    965     85    545
    860    810    -70    390
    320    275   -610   -145
    860    810    -70    390
    930    880      0    460
    925    875    115    455
    930    880      0    460
    925    875    115    455
    445    395   -485    -25
    895    845    -35    425
   1315   1265   -240    845
    895    845    -35    425
    885    835    -45    415
    880    830     70    410
    885    835    -45    415
    510    345   -540    -75
    875    965    795    325
    720    810    640    170
    185    395    105   -245
    720    810    640    170
    790    880    710    240
    785    875    705    235
    790    880    710    240
    785    875    705    235
    310    515    230   -120
    755    845    675    205
   1175   1265   1095    625
    755    845    675    205
    745    835    665    195
    740    830    660    190
    745    835    665    195
    255    345    175   -295
    315    965   1260    545
    160    810   1105    390
   -380    275    -55   -145
    160    810   1105    390
    230    880   1175    460
    345    875   1170    455
    230    880   1175    460
    345    875   1170    455
   -255    395     70    -25
    195    845   1140    425
    -10   1265    310    845
    195    845   1140    425
    185    835   1130    415
    300    830   1125    410
    185    835   1130    415
   -310    345     15    -75
    875    900    795    195
    720    745    640    -80
    185    330    105   -615
    720    745    640    -80
    790    815    710    -10
    785    810    705    -15
    790    815    710    -10
    785    810    705    -15
    310    455    230   -490
    755    780    675    -45
   1175   1200   1095   -245
    755    780    675    -45
    745    770    665    -55
    740    765    660    -60
    745    770    665    -55
    255    280    175   -545
    965    915     35    495
    825    775   -105    355
    260    215   -670   -205
    825    775   -105    355
    915    865    -15    445
    915    865    105    445
    915    865    -15    445
    850    800     40    380
     35    -15   -900   -435
    745    695   -185    275
   1210   1160   -345    740
    745    695   -185    275
    495    445   -435     25
    275    225   -535   -195
    495    445   -435     25
    145    -25   -905   -445
    825    915    745    275
    685    775    605    135
    125    335     45   -305
    685    775    605    135
    775    865    695    225
    775    865    695    225
    775    865    695    225
    710    800    630    160
   -105    105   -185   -535
    605    695    525     55
   1070   1160    990    520
    605    695    525     55
    355    445    275   -195
    135    225     55   -415
    355    445    275   -195
   -115    -25   -195   -665
    260    915   1210    495
    125    775   1070    355
   -440    215   -115   -205
    125    775   1070    355
    215    865   1160    445
    335    865   1160    445
    215    865   1160    445
    270    800   1095    380
   -670    -15   -345   -435
     45    695    990    275
   -115   1160    205    740
     45    695    990    275
   -205    445    740     25
   -305    225    520   -195
   -205    445    740     25
   -675    -25   -355   -445
    825    850    745    145
    685    710    605   -115
    125    270     45   -675
    685    710    605   -115
    775    800    695    -25
    775    800    695    -25
    775    800    695    -25
    710    735    630    -90
   -105     40   -185   -905
    605    630    525   -195
   1070   1095    990   -355
    605    630    525   -195
    355    380    275   -445
    135    160     55   -665
    355    380    275   -445
   -115    -90   -195   -915

# hairpin
    INF    INF    INF    440    450    460    480    510    485    535
    545    555    565    575    585    595    605    615    620    630
    635    645    650    660    665    675    680    685    695    700
    710

# hairpin_enthalpies
    INF    INF    INF     35    125   -425   -980   -615   -850   -455
   -455   -455   -455   -455   -455   -455   -455   -455   -455   -455
   -455   -455   -455   -455   -455   -455   -455   -455   -455   -455
   -455

# bulge
    INF    335    255    285    315    350    380    400    410    420
    430    445    450    460    470    480    485    490    495    500
    510    510    520    520    525    530    530    540    545    545
    550

# bulge_enthalpies
    INF   1475    325    240   -350   -350   -350   -350   -350   -350
   -350   -350   -350   -350   -350   -350   -350   -350   -350   -350
   -350   -350   -350   -350   -350   -350   -350   -350   -350   -350
   -350

# internal
    INF    INF    INF    INF    210    275    295    310    325    335
    350    360    365    375    385    390    400    405    410    415
    425    430    435    435    445    445    450    455    460    465
    465

# internal_enthalpies
    INF    INF    INF    INF   -360   -340    -65    -65    -65    -65
    -65    -65    -65    -65    -65    -65    -65    -65    -65    -65
    -65    -65    -65    -65    -65    -65    -65    -65    -65    -65
    -65

# ML_params
     10      0    615   1950    -20   -110

# NINIO
     50    160    300

# Misc
    255   -180     25    345

# Hexaloops

# Tetraloops

# Triloops

#END
